Rk,Player,Age,Team,Pos,G,GS,MP,FG,FGA,FG%,3P,3PA,3P%,2P,2PA,2P%,eFG%,FT,FTA,FT%,ORB,DRB,TRB,AST,STL,BLK,TOV,PF,PTS,Awards
1,Shai Gilgeous-Alexander,26,OKC,PG,76,76,34.2,11.mar,21.sie,0.519,02.sty,05.lip,0.375,09.lut,16.sty,0.571,0.569,07.wrz,08.sie,0.898,0.9,04.sty,5.0,06.kwi,01.lip,1.0,02.kwi,02.lut,32.7,"MVP-1,DPOY-10,CPOY-8,AS,NBA1"
2,Giannis Antetokounmpo,30,MIL,PF,67,67,34.2,11.sie,19.lip,0.601,0.2,0.9,0.222,11.cze,18.lip,0.62,0.607,06.maj,10.cze,0.617,02.lut,09.lip,11.wrz,06.maj,0.9,01.lut,03.sty,02.mar,30.kwi,"MVP-3,DPOY-8,AS,NBA1"
3,Nikola Jokić,29,DEN,C,70,70,36.7,11.lut,19.maj,0.576,2.0,04.lip,0.417,09.mar,14.sie,0.627,0.627,05.lut,06.kwi,0.8,02.wrz,09.wrz,12.lip,10.lut,01.sie,0.6,03.mar,02.mar,29.cze,"MVP-2,CPOY-2,AS,NBA1"
4,Luka Dončić,25,2TM,PG,50,50,35.4,09.lut,20.maj,0.45,03.maj,09.cze,0.368,05.lip,10.wrz,0.522,0.536,06.lut,07.wrz,0.782,0.8,07.kwi,08.lut,07.lip,01.sie,0.4,03.cze,02.maj,28.lut,
5,Luka Dončić,25,DAL,PG,22,22,35.7,09.sie,21.lut,0.464,03.kwi,09.cze,0.354,06.kwi,11.maj,0.555,0.544,05.sty,06.cze,0.767,0.7,07.cze,08.mar,07.sie,2.0,0.4,03.kwi,02.cze,28.sty,
6,Luka Dončić,25,LAL,PG,28,28,35.1,08.sie,20.0,0.438,03.cze,09.cze,0.379,05.sty,10.kwi,0.493,0.53,7.0,08.wrz,0.791,0.9,07.lut,08.sty,07.maj,01.cze,0.4,03.lip,02.kwi,28.lut,
7,Anthony Edwards,23,MIN,SG,79,79,36.3,09.sty,20.kwi,0.447,04.sty,10.mar,0.395,05.sty,10.sty,0.501,0.547,05.mar,06.mar,0.837,0.8,04.wrz,05.lip,04.maj,01.lut,0.6,03.lut,01.wrz,27.cze,"MVP-7,CPOY-3,AS,NBA2"
8,Jayson Tatum,26,BOS,PF,72,72,36.4,09.lut,20.mar,0.452,03.maj,10.sty,0.343,05.lip,10.lut,0.559,0.537,5.0,06.sty,0.814,0.7,8.0,08.lip,6.0,01.sty,0.5,02.wrz,02.lut,26.sie,"MVP-4,CPOY-10,AS,NBA1"
9,Kevin Durant,36,PHO,PF,62,62,36.5,09.maj,18.sty,0.527,02.cze,6.0,0.43,7.0,12.sty,0.574,0.598,04.wrz,05.sie,0.839,0.4,05.lip,6.0,04.lut,0.8,01.lut,03.sty,01.lip,26.cze,AS
10,Tyrese Maxey,24,PHI,PG,52,52,37.7,09.lut,21.0,0.437,03.sty,09.lut,0.337,06.sty,11.sie,0.515,0.511,04.wrz,05.cze,0.879,0.3,03.sty,03.mar,06.sty,01.sie,0.4,02.kwi,02.lut,26.mar,CPOY-10
11,Cade Cunningham,23,DET,PG,70,70,35.0,09.sie,20.sie,0.469,02.sty,6.0,0.356,07.cze,14.sie,0.515,0.521,04.maj,05.mar,0.846,0.8,05.mar,06.sty,09.sty,1.0,0.8,04.kwi,02.sie,26.sty,"MVP-7,AS,NBA3"
12,Jalen Brunson,28,NYK,PG,65,65,35.4,9.0,18.maj,0.488,02.mar,06.sty,0.383,06.lip,12.kwi,0.539,0.551,05.lip,06.wrz,0.821,0.4,02.maj,02.wrz,07.mar,0.9,0.1,02.maj,02.sty,26.0,"MVP-10,CPOY-1,AS,NBA2"
13,Paolo Banchero,22,ORL,PF,46,46,34.4,9.0,19.sie,0.452,01.wrz,05.wrz,0.32,07.sty,13.wrz,0.509,0.5,06.sty,08.kwi,0.727,01.sty,06.kwi,07.maj,04.sie,0.8,0.6,3.0,02.sty,25.wrz,
14,Devin Booker,28,PHO,SG,75,75,37.3,08.lip,18.wrz,0.461,02.kwi,07.mar,0.332,06.mar,11.cze,0.542,0.525,05.sie,06.kwi,0.894,1.0,03.sty,04.sty,07.sty,0.9,0.2,02.wrz,02.cze,25.cze,
15,LaMelo Ball,23,CHO,PG,47,47,32.0,08.cze,21.mar,0.405,03.sie,11.lut,0.339,04.sie,10.sty,0.478,0.494,04.sty,04.wrz,0.843,1.0,03.wrz,04.wrz,07.kwi,01.sty,0.3,03.cze,03.mar,25.lut,
16,Damian Lillard,34,MIL,PG,58,58,36.1,07.lip,17.sty,0.448,03.kwi,9.0,0.376,04.mar,08.sty,0.528,0.547,06.lut,06.sie,0.921,0.5,04.lut,04.lip,07.sty,01.lut,0.2,02.sie,01.lip,24.wrz,AS
17,Anthony Davis,31,2TM,PF,51,51,33.5,09.lut,17.sie,0.516,0.7,02.kwi,0.282,08.maj,15.kwi,0.553,0.536,05.cze,07.lut,0.775,02.cze,08.wrz,11.cze,03.maj,01.lut,02.lut,02.lut,01.wrz,24.lip,AS
18,Anthony Davis,31,LAL,C,42,42,34.3,09.maj,18.0,0.528,0.7,02.lut,0.298,08.wrz,15.sie,0.56,0.546,6.0,07.cze,0.788,02.sie,9.0,11.wrz,03.kwi,01.mar,02.sty,02.lut,2.0,25.lip,
19,Anthony Davis,31,DAL,PF,9,9,29.cze,07.sie,16.wrz,0.461,0.8,03.mar,0.233,7.0,13.cze,0.516,0.484,03.lip,05.mar,0.688,01.lip,08.kwi,10.sty,04.kwi,0.6,02.lut,02.lut,01.sie,20.0,
20,Kyrie Irving,32,DAL,SG,50,50,36.1,08.wrz,18.wrz,0.473,02.wrz,07.lut,0.401,06.sty,11.lip,0.517,0.549,03.wrz,04.mar,0.916,01.lut,03.cze,04.sie,04.cze,01.mar,0.5,02.lut,2.0,24.lip,"CPOY-10,AS"
21,Zion Williamson,24,NOP,PF,30,30,28.cze,09.cze,16.wrz,0.567,0.1,0.4,0.231,09.maj,16.maj,0.576,0.57,05.mar,8.0,0.656,02.maj,04.lip,07.lut,05.mar,01.lut,0.9,3.0,02.lip,24.cze,
22,Stephen Curry,36,GSW,PG,70,70,32.2,08.sty,18.0,0.448,04.kwi,11.lut,0.397,03.cze,06.sie,0.534,0.572,4.0,04.mar,0.933,0.6,03.wrz,04.kwi,6.0,01.sty,0.4,02.wrz,01.kwi,24.maj,"MVP-9,CPOY-5,AS,NBA2"
23,LeBron James,40,LAL,SF,70,70,34.9,09.mar,18.sty,0.513,02.sty,05.lip,0.376,07.lut,12.maj,0.574,0.571,03.lip,04.lip,0.782,1.0,06.sie,07.sie,08.lut,1.0,0.6,03.lip,01.kwi,24.kwi,"MVP-6,CPOY-7,AS,NBA2"
24,Karl-Anthony Towns,29,NYK,C,72,72,35.0,08.wrz,16.wrz,0.526,2.0,04.lip,0.42,06.wrz,12.lut,0.567,0.584,04.lip,05.lip,0.829,02.wrz,09.sie,12.sie,03.sty,1.0,0.7,02.lip,03.maj,24.kwi,"AS,NBA3"
25,Victor Wembanyama,21,SAS,C,46,46,33.2,08.wrz,18.cze,0.476,03.sty,08.sie,0.352,05.sie,09.wrz,0.586,0.559,03.kwi,04.sty,0.836,01.sie,09.lut,11.0,03.lip,01.sty,03.sie,03.lut,02.mar,24.mar,AS
26,Franz Wagner,23,ORL,SF,60,60,33.7,9.0,19.kwi,0.463,01.lip,05.wrz,0.295,07.lut,13.maj,0.535,0.507,04.maj,05.lut,0.871,0.9,04.sie,05.lip,04.lip,01.mar,0.4,02.mar,02.maj,24.lut,
27,Trae Young,26,ATL,PG,76,76,36.0,07.kwi,18.sty,0.411,02.wrz,08.kwi,0.34,04.cze,09.lip,0.474,0.491,06.maj,07.kwi,0.875,0.5,02.cze,03.sty,11.cze,01.lut,0.2,04.lip,01.wrz,24.lut,"CPOY-4,AS"
28,Donovan Mitchell,28,CLE,SG,71,71,31.4,08.lut,18.cze,0.443,03.mar,08.wrz,0.368,5.0,09.lip,0.512,0.531,04.lut,05.sty,0.823,0.8,03.lip,04.maj,5.0,01.mar,0.2,02.sty,2.0,24.0,"MVP-5,CPOY-9,AS,NBA1"
29,Cam Thomas,23,BRK,SG,25,23,31.2,8.0,18.lut,0.438,02.lip,07.sie,0.349,05.lut,10.kwi,0.506,0.513,05.mar,6.0,0.881,0.6,02.lip,03.mar,03.sie,0.6,0.1,02.maj,01.sie,24.0,
30,Tyler Herro,25,MIA,SG,77,77,35.4,08.maj,17.wrz,0.472,03.mar,08.lip,0.375,05.lut,09.lut,0.565,0.563,03.lip,04.lut,0.878,0.5,04.lip,05.lut,05.maj,0.9,0.2,02.cze,01.sty,23.wrz,AS
31,Joel Embiid,30,PHI,C,19,19,30.2,07.kwi,16.cze,0.444,01.lut,04.sty,0.299,06.lut,12.maj,0.492,0.481,07.sie,08.wrz,0.882,01.wrz,06.mar,08.lut,04.maj,0.7,0.9,03.mar,02.lut,23.sie,
32,De'Aaron Fox,27,2TM,PG,62,62,36.1,08.lip,18.sie,0.463,01.wrz,06.sty,0.31,06.sie,12.cze,0.538,0.514,04.lut,05.sty,0.827,0.9,03.wrz,04.sie,06.mar,01.maj,0.4,02.sie,02.cze,23.maj,
33,De'Aaron Fox,27,SAC,PG,45,45,37.0,09.lut,19.cze,0.469,2.0,06.kwi,0.322,07.lut,13.mar,0.539,0.521,04.maj,05.maj,0.829,1.0,4.0,5.0,06.sty,01.maj,0.4,3.0,02.cze,25.0,
34,De'Aaron Fox,27,SAS,PG,17,17,34.0,07.kwi,16.maj,0.446,01.maj,05.cze,0.274,05.sie,10.wrz,0.535,0.493,03.maj,04.lut,0.819,0.5,03.sie,04.mar,06.sie,01.maj,0.3,02.kwi,02.lip,19.lip,
35,Zach LaVine,29,2TM,SF,74,74,35.2,08.kwi,16.maj,0.511,03.lut,07.lut,0.446,05.lut,09.mar,0.562,0.609,03.lut,03.wrz,0.825,0.3,4.0,04.mar,04.lut,0.8,0.2,02.sie,01.cze,23.mar,
36,Zach LaVine,29,CHI,SF,42,42,34.1,08.cze,16.wrz,0.511,03.lut,07.mar,0.446,05.kwi,09.cze,0.56,0.607,03.maj,04.mar,0.797,0.3,04.maj,04.sie,04.maj,0.9,0.2,02.wrz,01.maj,24.0,
37,Zach LaVine,29,SAC,SG,32,32,36.6,08.lut,16.0,0.511,03.lut,07.lut,0.446,5.0,08.sie,0.564,0.611,02.sie,03.lut,0.874,0.3,03.lut,03.maj,03.sie,0.6,0.1,02.lip,01.sie,22.kwi,
38,Ja Morant,25,MEM,PG,50,50,30.kwi,08.sty,17.sie,0.454,01.sie,05.lip,0.309,06.mar,12.sty,0.523,0.504,05.mar,06.kwi,0.824,0.7,03.kwi,04.sty,07.mar,01.lut,0.2,03.lip,02.mar,23.lut,
39,James Harden,35,LAC,PG,79,79,35.3,06.lip,16.kwi,0.41,3.0,08.maj,0.352,03.lip,07.wrz,0.472,0.501,06.kwi,07.mar,0.874,0.7,05.sty,05.sie,08.lip,01.maj,0.7,04.mar,02.sty,22.sie,"MVP-10,AS,NBA3"
40,Jaylen Brown,28,BOS,SF,63,63,34.3,08.lut,17.lip,0.463,01.sie,05.lip,0.324,06.kwi,12.sty,0.529,0.515,03.wrz,05.sty,0.764,01.mar,04.maj,05.sie,04.maj,01.lut,0.3,02.cze,02.kwi,22.lut,AS
41,DeMar DeRozan,35,SAC,SF,77,77,35.9,08.sty,17.0,0.477,01.sty,03.mar,0.328,7.0,13.lip,0.513,0.509,04.wrz,05.lip,0.857,0.6,03.lut,03.wrz,04.kwi,0.8,0.4,01.kwi,01.wrz,22.lut,
42,Brandon Ingram,27,NOP,SF,18,18,33.1,08.cze,18.maj,0.465,02.kwi,06.kwi,0.374,06.lut,12.sty,0.514,0.53,02.cze,03.sty,0.855,0.9,04.cze,05.cze,05.lut,0.9,0.6,03.sie,02.maj,22.lut,
43,Jaren Jackson Jr.,25,MEM,C,74,74,29.sie,8.0,16.kwi,0.488,2.0,05.mar,0.375,6.0,11.sty,0.541,0.548,04.lut,05.kwi,0.781,01.lut,04.kwi,05.cze,2.0,01.lut,01.maj,02.sty,03.maj,22.lut,"DPOY-7,AS,DEF2"
44,Norman Powell,31,LAC,SG,60,60,32.6,07.cze,15.sie,0.484,3.0,07.sty,0.418,04.cze,08.cze,0.538,0.578,03.cze,04.kwi,0.804,0.4,02.sie,03.lut,02.sty,01.lut,0.2,01.sie,01.wrz,21.sie,
45,Jalen Williams,23,OKC,SG,69,69,32.4,08.lut,16.wrz,0.484,01.sie,04.wrz,0.365,06.kwi,12.0,0.533,0.537,03.kwi,04.mar,0.789,0.9,04.maj,05.mar,05.sty,01.cze,0.7,02.lut,02.mar,21.cze,"AS,NBA3,DEF2"
46,Kawhi Leonard,33,LAC,SF,37,37,31.9,08.kwi,16.sie,0.498,02.sty,05.sty,0.411,06.mar,11.lip,0.536,0.56,02.cze,03.mar,0.81,0.9,5.0,05.wrz,03.sty,01.cze,0.5,01.wrz,01.maj,21.maj,
47,Jamal Murray,27,DEN,PG,67,67,36.1,07.wrz,16.lip,0.474,02.mar,05.wrz,0.393,05.cze,10.sie,0.518,0.543,03.mar,03.lip,0.886,0.7,03.lut,03.wrz,6.0,01.kwi,0.5,02.sty,01.wrz,21.kwi,
48,Trey Murphy III,24,NOP,SF,53,51,35.0,07.lut,15.sie,0.454,3.0,08.mar,0.361,04.lut,07.cze,0.556,0.548,03.sie,04.mar,0.887,0.9,04.lut,05.sty,03.maj,01.sty,0.7,01.wrz,02.sty,21.lut,
49,RJ Barrett,24,TOR,SF,58,58,32.2,07.wrz,16.wrz,0.468,01.sie,05.mar,0.35,06.sty,11.lip,0.522,0.523,03.kwi,05.kwi,0.63,01.sty,05.mar,06.mar,05.kwi,0.8,0.3,02.sie,02.kwi,21.sty,
50,CJ McCollum,33,NOP,PG,56,56,32.7,07.wrz,17.wrz,0.444,03.sty,08.lut,0.373,04.wrz,09.lip,0.505,0.53,02.lut,03.sty,0.717,0.8,3.0,03.sie,04.sty,0.8,0.4,01.wrz,02.lut,21.sty,
51,Jalen Green,22,HOU,SG,82,82,32.9,07.kwi,17.maj,0.423,02.wrz,08.sty,0.354,04.cze,09.maj,0.482,0.505,03.mar,04.sty,0.813,0.5,4.0,04.cze,03.kwi,0.9,0.3,02.maj,01.maj,21.0,
52,Brandon Miller,22,CHO,SF,27,27,34.2,07.mar,18.lut,0.403,03.wrz,10.wrz,0.355,03.maj,07.mar,0.475,0.509,02.maj,02.wrz,0.861,0.9,03.wrz,04.wrz,03.cze,01.sty,0.7,02.sie,02.lip,21.0,
53,Darius Garland,25,CLE,PG,75,75,30.lip,07.kwi,15.lip,0.472,02.sie,07.sty,0.401,04.cze,08.cze,0.53,0.562,3.0,03.kwi,0.878,0.6,02.lut,02.wrz,06.lip,01.lut,0.1,02.maj,01.wrz,20.cze,"CPOY-6,AS"
54,Jordan Poole,25,WAS,SG,68,68,29.kwi,06.lip,15.maj,0.432,03.maj,09.sty,0.378,03.mar,06.kwi,0.51,0.544,03.cze,4.0,0.883,0.5,02.maj,3.0,04.maj,01.mar,0.4,3.0,3.0,20.maj,
55,Coby White,24,CHI,SG,74,73,33.1,06.wrz,15.sty,0.453,02.wrz,07.wrz,0.37,03.wrz,07.mar,0.544,0.55,03.lip,04.sty,0.902,0.3,03.kwi,03.lip,04.maj,0.9,0.2,02.kwi,02.sty,20.kwi,
56,Miles Bridges,26,CHO,PF,64,64,31.lip,07.mar,17.0,0.431,02.lut,7.0,0.313,05.sty,10.0,0.513,0.495,03.maj,4.0,0.87,01.sty,06.kwi,07.maj,03.wrz,0.7,0.7,02.sty,01.maj,20.mar,
57,Austin Reaves,26,LAL,SG,73,73,34.9,06.maj,14.lut,0.46,02.lip,07.mar,0.377,03.sie,06.wrz,0.547,0.556,04.kwi,5.0,0.877,0.8,03.lip,04.maj,05.sie,01.sty,0.3,02.kwi,02.sty,20.lut,
58,Pascal Siakam,30,IND,PF,78,78,32.7,07.wrz,15.lut,0.519,01.cze,04.lut,0.389,06.lut,11.0,0.568,0.572,02.wrz,03.wrz,0.734,01.lip,05.lut,06.wrz,03.kwi,0.9,0.5,01.kwi,02.kwi,20.lut,AS
59,Kristaps Porzi??is,29,BOS,C,42,42,28.sie,06.cze,13.lip,0.483,02.maj,6.0,0.412,04.sty,07.lip,0.537,0.572,03.sie,04.lip,0.809,01.cze,05.sty,06.sie,02.sty,0.7,01.maj,01.mar,02.sie,19.maj,
60,Scottie Barnes,23,TOR,PF,65,65,32.8,07.mar,16.kwi,0.446,01.lut,04.mar,0.271,06.sty,12.0,0.508,0.482,03.maj,04.cze,0.755,01.lip,6.0,07.lip,05.sie,01.kwi,1.0,02.sie,01.lip,19.mar,
61,Anfernee Simons,25,POR,SG,70,70,32.7,06.sie,16.sty,0.426,03.sty,08.maj,0.363,03.sie,07.cze,0.496,0.521,02.maj,02.sie,0.902,0.4,02.mar,02.lip,04.sie,0.9,0.1,2.0,01.lip,19.mar,
62,Desmond Bane,26,MEM,SG,69,68,32.0,07.sty,14.sie,0.484,02.kwi,06.sty,0.392,04.sie,08.lip,0.548,0.565,02.cze,02.wrz,0.894,0.9,05.lut,06.sty,05.mar,01.lut,0.4,02.kwi,02.kwi,19.lut,
63,Domantas Sabonis,28,SAC,C,70,70,34.7,07.maj,12.sie,0.59,0.9,02.lut,0.417,06.cze,10.maj,0.627,0.627,03.sty,04.sty,0.754,03.sie,10.sty,13.wrz,6.0,0.7,0.4,02.wrz,03.mar,19.sty,
64,Alperen Şengün,22,HOU,C,76,76,31.maj,07.maj,15.0,0.496,0.3,01.lut,0.233,07.lut,13.wrz,0.519,0.505,03.wrz,05.cze,0.692,03.kwi,06.wrz,10.mar,04.wrz,01.sty,0.8,02.cze,02.sie,19.sty,AS
65,John Collins,27,UTA,PF,40,31,30.maj,7.0,13.mar,0.527,01.maj,03.lip,0.399,05.maj,09.cze,0.577,0.583,03.maj,04.sty,0.848,02.lut,6.0,08.lut,2.0,1.0,1.0,02.cze,02.wrz,19.0,
66,Lauri Markkanen,27,UTA,PF,47,47,31.4,06.mar,14.wrz,0.423,02.wrz,08.maj,0.346,03.kwi,06.kwi,0.525,0.521,03.kwi,03.wrz,0.876,01.maj,04.kwi,05.wrz,01.maj,0.7,0.4,01.kwi,01.lip,19.0,
67,Jalen Johnson,23,ATL,SF,36,36,35.7,07.maj,15.sty,0.5,01.lut,03.wrz,0.312,06.mar,11.sty,0.566,0.541,02.cze,03.maj,0.746,01.lip,08.mar,10.0,5.0,01.cze,1.0,02.wrz,01.wrz,18.wrz,
68,Cameron Johnson,28,BRK,PF,57,57,31.6,06.lut,13.sty,0.475,02.sie,07.lut,0.39,03.kwi,05.wrz,0.578,0.582,03.maj,03.wrz,0.893,0.9,03.kwi,04.mar,03.kwi,0.9,0.4,01.lip,01.sie,18.sie,
69,Julius Randle,30,MIN,PF,69,69,32.3,06.cze,13.cze,0.485,01.cze,04.cze,0.344,5.0,09.sty,0.555,0.542,03.wrz,04.wrz,0.806,02.sty,5.0,07.sty,04.lip,0.7,0.2,02.sie,02.maj,18.lip,
70,Tyrese Haliburton,24,IND,PG,73,73,33.6,06.maj,13.sie,0.473,3.0,07.lip,0.388,03.maj,06.sty,0.581,0.582,02.cze,3.0,0.851,0.6,3.0,03.maj,09.lut,01.kwi,0.7,01.cze,01.mar,18.cze,NBA3
71,Evan Mobley,23,CLE,PF,71,71,30.maj,07.sty,12.sie,0.557,01.lut,03.lut,0.37,05.wrz,09.maj,0.621,0.604,03.sty,04.mar,0.725,02.mar,7.0,09.mar,03.lut,0.9,01.cze,2.0,2.0,18.maj,"MVP-10,DPOY-1,AS,NBA2,DEF1"
72,Shaedon Sharpe,21,POR,SG,72,52,31.mar,06.wrz,15.mar,0.452,2.0,06.cze,0.311,04.wrz,08.sie,0.557,0.519,02.cze,03.kwi,0.785,0.9,03.cze,04.maj,02.sie,0.9,0.2,02.sty,01.lip,18.maj,
73,Nikola Vučević,34,CHI,C,73,72,31.2,07.maj,14.lut,0.53,01.sie,04.kwi,0.402,05.sie,09.sie,0.587,0.592,01.cze,2.0,0.805,02.kwi,07.cze,10.sty,03.maj,0.8,0.7,01.cze,02.lut,18.maj,
74,Collin Sexton,26,UTA,SG,63,61,27.wrz,06.cze,13.sie,0.48,01.lip,04.mar,0.406,04.wrz,09.maj,0.513,0.543,03.kwi,4.0,0.865,1.0,01.sie,02.lip,04.lut,0.7,0.1,02.maj,02.mar,18.kwi,
75,Michael Porter Jr.,26,DEN,SF,77,77,33.7,06.wrz,13.cze,0.504,02.maj,06.kwi,0.395,04.kwi,07.mar,0.599,0.596,01.wrz,02.maj,0.768,01.sie,05.lut,7.0,02.sty,0.6,0.5,01.kwi,2.0,18.lut,
76,Bam Adebayo,27,MIA,C,78,78,34.3,06.wrz,14.mar,0.485,1.0,02.sie,0.357,05.wrz,11.kwi,0.517,0.521,03.lut,04.lut,0.765,02.kwi,07.lut,09.cze,04.mar,01.mar,0.7,02.sty,02.sty,18.sty,DPOY-10
77,Andrew Wiggins,29,2TM,SF,60,60,30.lip,06.mar,14.0,0.448,02.lut,05.sie,0.374,04.sty,08.lut,0.501,0.526,03.mar,04.mar,0.763,01.maj,3.0,04.maj,02.cze,1.0,0.8,01.lip,01.lip,18.0,
78,Andrew Wiggins,29,GSW,SF,43,43,30.sty,06.sty,13.lip,0.444,02.lut,05.sie,0.379,03.wrz,07.wrz,0.491,0.524,03.lut,04.lut,0.777,01.maj,3.0,04.cze,02.kwi,0.9,0.8,01.mar,01.cze,17.cze,
79,Andrew Wiggins,29,MIA,SF,17,17,32.1,06.sie,14.sie,0.458,02.sty,05.wrz,0.36,04.cze,08.wrz,0.523,0.53,03.kwi,04.cze,0.731,01.kwi,02.wrz,04.lut,03.mar,01.lut,1.0,02.maj,01.sie,19.0,
80,OG Anunoby,27,NYK,PF,74,74,36.6,06.cze,13.wrz,0.476,02.mar,06.lut,0.372,04.mar,07.lip,0.561,0.559,02.maj,03.sty,0.81,01.mar,03.maj,04.sie,02.lut,01.maj,0.9,01.kwi,02.mar,18.0,
81,Mikal Bridges,28,NYK,SF,82,82,37.0,07.lut,14.kwi,0.5,2.0,05.cze,0.354,05.lut,08.sie,0.594,0.57,01.lut,01.kwi,0.814,0.9,02.mar,03.lut,03.lip,0.9,0.5,01.cze,01.maj,17.cze,
82,Jaden Ivey,22,DET,SG,30,30,29.wrz,06.mar,13.sie,0.46,02.sty,05.sty,0.409,04.lut,08.cze,0.49,0.536,02.sie,03.wrz,0.733,01.mar,02.sie,04.sty,4.0,0.9,0.4,3.0,02.lut,17.cze,
83,Jimmy Butler,35,2TM,SF,55,55,31.lip,05.maj,10.wrz,0.504,0.6,01.wrz,0.308,04.wrz,9.0,0.546,0.531,6.0,07.sty,0.842,02.mar,03.sty,05.kwi,05.kwi,01.kwi,0.3,01.mar,0.9,17.maj,
84,Jimmy Butler,35,MIA,PF,25,25,30.cze,05.lip,10.maj,0.54,0.5,01.kwi,0.361,05.lut,09.sty,0.568,0.565,05.lut,06.kwi,0.801,02.lut,3.0,05.lut,04.sie,01.sty,0.4,01.lut,0.9,17.0,
85,Jimmy Butler,35,GSW,SF,30,30,32.7,05.mar,11.sty,0.476,0.6,02.mar,0.279,04.lip,08.wrz,0.526,0.504,06.lip,07.lip,0.87,02.mar,03.lut,05.maj,05.wrz,01.lip,0.3,01.maj,1.0,17.wrz,
86,Dejounte Murray,28,NOP,PG,31,31,32.6,06.mar,15.wrz,0.393,01.lip,05.cze,0.299,04.cze,10.mar,0.444,0.445,03.mar,4.0,0.823,0.5,05.wrz,06.maj,07.kwi,2.0,0.4,03.kwi,2.0,17.maj,
87,Malik Monk,26,SAC,SG,65,45,31.6,06.mar,14.kwi,0.439,02.sty,06.cze,0.325,04.lut,07.wrz,0.534,0.513,02.kwi,02.lip,0.865,0.5,03.mar,03.sie,05.cze,0.9,0.6,02.kwi,02.kwi,17.lut,
88,Immanuel Quickley,25,TOR,PG,33,33,27.sie,05.cze,13.mar,0.42,02.cze,06.sie,0.378,3.0,06.maj,0.465,0.517,03.kwi,03.wrz,0.867,0.5,03.sty,03.maj,05.sie,0.7,0.1,01.sie,01.sie,17.sty,
89,De'Andre Hunter,27,2TM,SF,64,9,27.lut,05.cze,11.wrz,0.47,02.maj,06.sty,0.405,03.sty,05.sie,0.537,0.573,03.kwi,4.0,0.846,0.7,03.mar,4.0,01.kwi,0.8,0.2,01.mar,02.kwi,17.0,6MOY-4
90,De'Andre Hunter,27,ATL,SF,37,4,28.sie,06.sty,13.mar,0.461,02.cze,06.lip,0.393,03.maj,06.cze,0.531,0.56,04.sty,04.sie,0.858,0.7,03.lut,03.wrz,01.maj,0.8,0.1,01.cze,02.kwi,19.0,
91,De'Andre Hunter,27,CLE,SF,27,5,25.0,04.wrz,10.0,0.485,02.lut,05.lut,0.426,02.cze,04.sie,0.55,0.596,02.kwi,02.wrz,0.821,0.6,03.cze,04.lut,01.mar,0.7,0.3,0.9,02.maj,14.mar,
92,Bradley Beal,31,PHO,SG,53,38,32.1,06.maj,13.sty,0.497,01.wrz,5.0,0.386,04.cze,08.sty,0.565,0.571,02.sty,02.cze,0.803,0.6,02.lip,03.mar,03.lip,01.sty,0.5,01.wrz,02.cze,17.0,
93,Deni Avdija,24,POR,SF,72,54,30.0,05.cze,11.lip,0.476,01.lip,04.sie,0.365,03.sie,7.0,0.552,0.55,4.0,05.lut,0.78,01.maj,05.lip,07.mar,03.wrz,1.0,0.5,02.lip,02.kwi,16.wrz,
94,Keyonte George,21,UTA,PG,67,35,31.maj,05.kwi,13.lip,0.391,02.cze,07.cze,0.343,02.sie,06.sty,0.449,0.485,03.maj,04.mar,0.818,0.4,03.kwi,03.sie,05.cze,0.7,0.1,02.lip,01.lip,16.sie,
95,Ivica Zubac,27,LAC,C,80,80,32.8,07.kwi,11.sie,0.628,0.0,0.0,,07.kwi,11.sie,0.628,0.628,2.0,3.0,0.661,03.sie,08.wrz,12.cze,02.lip,0.7,01.sty,01.cze,02.sty,16.sie,"DPOY-6,DEF2"
96,Derrick White,30,BOS,SG,76,76,33.9,05.cze,12.cze,0.442,03.maj,09.sty,0.384,02.sty,03.maj,0.593,0.58,01.sie,02.sty,0.839,0.9,03.cze,04.maj,04.sie,0.9,01.sty,01.lip,01.sie,16.kwi,DPOY-10
97,Malik Beasley,28,DET,SG,82,18,27.sie,05.cze,13.sty,0.43,03.wrz,09.mar,0.416,01.lip,03.lip,0.466,0.579,01.lut,01.lip,0.679,0.6,2.0,02.cze,01.lip,0.9,0.1,1.0,01.maj,16.mar,6MOY-2
98,Devin Vassell,24,SAS,SG,64,53,31.0,06.lut,13.wrz,0.443,02.maj,06.lip,0.368,03.lip,07.lut,0.513,0.532,01.maj,01.wrz,0.792,0.5,03.maj,4.0,02.wrz,01.mar,0.5,01.kwi,01.lip,16.mar,
99,Jordan Clarkson,32,UTA,SG,37,9,26.0,05.kwi,13.mar,0.408,02.mar,06.mar,0.362,03.lut,07.sty,0.448,0.493,03.sty,03.wrz,0.797,0.7,02.maj,03.lut,03.lip,0.8,0.2,02.mar,01.kwi,16.lut,
100,Paul George,34,PHI,PF,41,41,32.5,6.0,13.wrz,0.43,02.mar,06.maj,0.358,03.cze,07.kwi,0.493,0.514,01.wrz,02.kwi,0.814,0.6,04.sie,05.mar,04.mar,01.sie,0.5,02.cze,02.maj,16.lut,
101,Jalen Suggs,23,ORL,PG,35,35,28.cze,05.cze,13.lip,0.41,02.lut,06.wrz,0.314,03.maj,06.sie,0.506,0.489,02.sie,03.sty,0.882,0.7,03.kwi,4.0,03.lip,01.maj,0.9,02.wrz,02.sie,16.lut,
102,Bennedict Mathurin,22,IND,SF,72,49,29.sie,05.kwi,11.sie,0.458,01.kwi,4.0,0.34,04.sty,07.sie,0.519,0.516,03.sie,04.cze,0.831,01.lut,04.sty,05.mar,01.wrz,0.7,0.3,01.wrz,02.mar,16.sty,
103,Myles Turner,28,IND,C,72,72,30.2,05.kwi,11.mar,0.481,02.lut,05.maj,0.396,03.mar,05.sie,0.561,0.577,02.cze,03.mar,0.773,01.mar,05.mar,06.maj,01.maj,0.8,2.0,01.lip,02.maj,15.cze,
104,Christian Braun,23,DEN,SG,79,77,33.9,6.0,10.kwi,0.58,01.sty,02.sie,0.397,04.wrz,07.cze,0.648,0.634,02.lut,02.lip,0.827,01.lut,03.wrz,05.lut,02.cze,01.sty,0.5,1.0,02.lut,15.kwi,
105,Jonathan Kuminga,22,GSW,PF,47,10,24.mar,05.maj,12.sty,0.454,1.0,03.lut,0.305,04.maj,08.wrz,0.508,0.495,03.mar,5.0,0.668,01.lut,03.kwi,04.cze,02.lut,0.8,0.4,01.maj,01.wrz,15.mar,
106,Jared McCain,20,PHI,SG,23,8,25.lip,05.maj,11.wrz,0.46,02.lut,05.sie,0.383,03.mar,06.sty,0.532,0.553,02.sty,02.kwi,0.875,0.6,01.wrz,02.kwi,02.cze,0.7,0.0,01.cze,01.cze,15.mar,ROY-7
107,Mark Williams,23,CHO,C,44,41,26.cze,06.sty,10.lut,0.604,0.0,0.1,0.0,06.sty,10.sty,0.609,0.604,3.0,03.lip,0.804,3.0,07.lut,10.lut,02.maj,0.7,01.lut,01.cze,02.kwi,15.mar,
108,Kelly Oubre Jr.,29,PHI,SF,60,57,34.6,05.sie,12.kwi,0.47,01.lut,4.0,0.293,04.cze,08.mar,0.555,0.518,02.mar,03.sty,0.751,01.cze,04.maj,06.sty,01.sie,01.maj,0.5,01.mar,3.0,15.sty,
109,Chet Holmgren,22,OKC,C,32,32,27.kwi,05.lut,10.lip,0.49,01.kwi,03.cze,0.379,03.sie,7.0,0.547,0.554,03.lut,04.lut,0.754,01.maj,06.maj,8.0,2.0,0.7,02.lut,01.sie,02.mar,15.0,
110,Kyle Kuzma,29,2TM,PF,65,62,29.sie,05.lip,13.0,0.436,01.maj,04.sie,0.307,04.lut,08.lut,0.512,0.493,2.0,03.sty,0.634,0.8,04.wrz,05.lip,02.mar,0.6,0.3,02.lut,01.sie,14.sie,
111,Kyle Kuzma,29,WAS,PF,32,30,27.lip,6.0,14.lut,0.42,01.kwi,5.0,0.281,04.cze,09.lut,0.495,0.469,01.sie,03.sty,0.602,0.8,04.wrz,05.sie,02.maj,0.6,0.2,02.mar,01.cze,15.lut,
112,Kyle Kuzma,29,MIL,PF,33,32,31.sie,05.kwi,11.wrz,0.455,01.maj,04.cze,0.333,03.wrz,07.mar,0.533,0.52,02.sty,03.lut,0.663,0.8,04.sie,05.cze,02.lut,0.5,0.4,02.lut,2.0,14.maj,
113,Stephon Castle,20,SAS,PG,81,47,26.lip,05.lut,12.lut,0.428,01.lut,04.sty,0.285,4.0,08.sty,0.501,0.476,03.sty,04.lut,0.724,01.sty,02.cze,03.lip,04.sty,0.9,0.3,02.lut,2.0,14.lip,ROY-1
114,Aaron Gordon,29,DEN,PF,51,42,28.kwi,05.lut,09.lip,0.531,01.maj,03.kwi,0.436,03.lip,06.kwi,0.582,0.607,02.sie,03.maj,0.81,01.cze,03.mar,04.sie,03.lut,0.5,0.3,01.kwi,01.cze,14.lip,
115,P.J. Washington,26,DAL,PF,57,56,32.2,05.mar,11.lip,0.453,01.cze,04.lut,0.381,03.lip,07.maj,0.493,0.521,02.maj,03.maj,0.722,01.kwi,06.mar,07.sie,02.mar,01.sty,01.sty,02.sty,02.mar,14.lip,
116,Quentin Grimes,24,2TM,SG,75,37,26.sie,05.sty,11.0,0.467,02.lut,05.cze,0.385,3.0,05.kwi,0.552,0.565,02.lut,02.wrz,0.757,0.8,03.maj,04.mar,3.0,1.0,0.3,01.wrz,01.sie,14.cze,
117,Quentin Grimes,24,DAL,SG,47,12,22.sie,03.cze,07.sie,0.463,01.lip,04.mar,0.398,01.wrz,03.maj,0.543,0.573,01.mar,01.lip,0.765,0.6,03.lut,03.sie,02.sty,0.7,0.2,01.mar,01.lip,10.lut,
118,Quentin Grimes,24,PHI,SG,28,25,33.7,07.lip,16.kwi,0.469,02.wrz,07.wrz,0.373,04.sie,08.maj,0.559,0.559,03.cze,04.sie,0.752,1.0,04.sty,05.lut,04.maj,01.maj,0.4,02.wrz,02.sty,21.wrz,
119,Josh Giddey,22,CHI,PG,70,69,30.2,05.mar,11.kwi,0.465,01.maj,4.0,0.378,03.sie,07.kwi,0.512,0.531,02.maj,03.lut,0.781,01.sie,06.mar,08.sty,07.lut,01.lut,0.6,02.wrz,01.lip,14.cze,
120,Jakob Poeltl,29,TOR,C,57,56,29.cze,06.kwi,10.lut,0.627,0.0,0.1,0.333,06.kwi,10.sty,0.628,0.628,01.lip,02.maj,0.674,03.mar,06.mar,09.cze,02.sie,01.lut,01.lut,01.wrz,03.sty,14.maj,
121,Deandre Ayton,26,POR,C,40,40,30.2,06.cze,11.lip,0.566,0.2,0.8,0.188,06.maj,10.wrz,0.594,0.573,1.0,01.maj,0.667,03.sty,07.sty,10.lut,01.cze,0.8,1.0,01.lip,02.lut,14.kwi,
122,Gradey Dick,21,TOR,SG,54,54,29.kwi,04.wrz,12.0,0.41,02.sty,6.0,0.35,02.sie,05.wrz,0.47,0.498,02.maj,02.wrz,0.858,0.8,02.sie,03.cze,01.sie,0.9,0.2,01.maj,02.lut,14.kwi,
123,Jerami Grant,30,POR,PF,47,47,32.4,04.cze,12.lut,0.373,02.mar,06.mar,0.365,02.mar,05.wrz,0.381,0.467,3.0,03.maj,0.849,0.6,02.wrz,03.maj,02.sty,0.9,1.0,01.kwi,02.mar,14.kwi,
124,Payton Pritchard,27,BOS,PG,80,3,28.kwi,05.sty,10.sie,0.472,03.lut,07.sie,0.407,01.wrz,3.0,0.642,0.62,0.9,01.sty,0.845,01.mar,02.cze,03.sie,03.maj,0.9,0.2,1.0,01.maj,14.mar,6MOY-1
125,Naz Reid,25,MIN,C,80,17,27.maj,05.mar,11.maj,0.462,02.lut,05.sie,0.379,03.sty,05.sie,0.544,0.556,01.kwi,01.sie,0.776,01.lut,04.wrz,6.0,02.mar,0.7,0.9,01.kwi,02.kwi,14.lut,6MOY-5
126,Dyson Daniels,21,ATL,SG,76,76,33.8,6.0,12.sty,0.493,01.sty,03.sty,0.34,04.wrz,09.sty,0.545,0.536,01.sty,01.sie,0.593,01.cze,04.mar,05.wrz,04.kwi,3.0,0.7,2.0,02.mar,14.sty,"DPOY-2,MIP-1,DEF1"
127,Tre Mann,23,CHO,PG,13,0,24.maj,05.kwi,12.kwi,0.435,01.sie,04.cze,0.4,03.maj,07.sie,0.455,0.509,01.maj,01.cze,0.905,0.9,2.0,02.wrz,3.0,0.5,0.3,01.wrz,01.sie,14.sty,
128,Amen Thompson,22,HOU,SF,69,42,32.2,05.cze,10.sty,0.557,0.4,01.mar,0.275,05.mar,08.sie,0.599,0.575,02.kwi,03.cze,0.684,02.sie,05.kwi,08.lut,03.sie,01.kwi,01.mar,2.0,02.kwi,14.sty,"DPOY-5,DEF1"
129,Fred VanVleet,30,HOU,PG,60,60,35.2,04.sie,12.lip,0.378,02.lip,07.lip,0.345,02.sty,5.0,0.43,0.483,01.wrz,02.mar,0.81,0.5,03.lut,03.lip,05.cze,01.cze,0.4,01.maj,02.mar,14.sty,
130,Dillon Brooks,29,HOU,SF,75,75,31.sie,05.sty,11.wrz,0.429,02.maj,06.mar,0.397,02.cze,05.lip,0.465,0.533,01.mar,01.cze,0.818,1.0,02.lip,03.lip,01.lip,0.8,0.2,1.0,03.lut,14.0,
131,Tolu Smith,24,DET,PF,1,0,22.0,6.0,9.0,0.667,0.0,0.0,,6.0,9.0,0.667,0.667,2.0,3.0,0.667,4.0,4.0,8.0,0.0,0.0,0.0,2.0,3.0,14.0,
132,Klay Thompson,34,DAL,SF,72,72,27.mar,5.0,12.lut,0.412,3.0,07.lip,0.391,2.0,04.maj,0.448,0.535,0.9,1.0,0.905,0.6,02.sie,03.kwi,2.0,0.7,0.4,01.lut,01.sty,14.0,
133,Bobby Portis,29,MIL,PF,49,7,25.kwi,05.lip,12.sty,0.466,01.mar,03.cze,0.365,04.mar,08.maj,0.508,0.52,01.lut,01.maj,0.836,01.sie,06.cze,08.kwi,02.sty,0.7,0.5,01.lut,01.wrz,13.wrz,
134,Tobias Harris,32,DET,PF,73,73,31.6,05.mar,11.0,0.477,01.lut,03.cze,0.345,4.0,07.kwi,0.542,0.534,2.0,02.mar,0.861,0.9,5.0,05.wrz,02.lut,1.0,0.8,01.lut,01.wrz,13.lip,
135,Josh Hart,29,NYK,SG,77,77,37.6,05.lut,10.0,0.525,01.sty,03.mar,0.333,04.lut,06.lip,0.618,0.579,02.sty,02.lip,0.776,02.sty,07.maj,09.cze,05.wrz,01.maj,0.4,02.sty,02.cze,13.cze,
136,Jarrett Allen,26,CLE,C,82,82,28.0,05.maj,07.sie,0.706,0.0,0.1,0.0,05.maj,07.lip,0.712,0.706,02.kwi,03.kwi,0.718,02.cze,07.sty,09.lip,01.wrz,0.9,0.9,01.lut,01.maj,13.maj,
137,Onyeka Okongwu,24,ATL,C,74,40,27.wrz,05.lut,09.lut,0.567,0.6,2.0,0.324,04.cze,07.lut,0.634,0.602,02.lut,02.wrz,0.759,3.0,05.wrz,08.wrz,02.mar,0.9,0.9,01.lut,02.cze,13.kwi,
138,Russell Westbrook,36,DEN,PG,75,36,27.wrz,5.0,11.sty,0.449,01.mar,03.wrz,0.323,03.lip,07.lut,0.517,0.505,02.sty,03.sty,0.661,01.kwi,03.cze,04.wrz,06.sty,01.kwi,0.5,03.lut,02.maj,13.mar,6MOY-7
139,Naji Marshall,27,DAL,SF,69,31,27.sie,05.lut,10.mar,0.508,0.9,03.lut,0.275,04.kwi,07.lut,0.611,0.551,01.wrz,02.mar,0.813,01.sty,03.lip,04.sie,3.0,1.0,0.2,01.cze,01.cze,13.lut,
140,Dennis Schröder,31,3TM,PG,75,49,28.sty,04.maj,11.0,0.406,01.lip,04.wrz,0.342,02.sie,06.sty,0.458,0.483,02.kwi,02.wrz,0.838,0.4,02.mar,02.cze,05.kwi,0.9,0.2,01.wrz,02.kwi,13.sty,
141,Dennis Schröder,31,BRK,PG,23,23,33.6,06.kwi,14.sty,0.452,02.maj,06.maj,0.387,03.wrz,07.cze,0.509,0.542,03.sty,03.maj,0.889,0.2,02.sie,3.0,06.cze,01.sty,0.2,02.cze,02.kwi,18.kwi,
142,Dennis Schröder,31,GSW,SG,24,18,26.lut,03.wrz,10.maj,0.375,01.maj,04.sie,0.322,02.kwi,05.lip,0.419,0.448,01.lut,01.cze,0.744,0.4,01.wrz,02.mar,04.kwi,1.0,0.1,2.0,02.sie,10.cze,
143,Dennis Schröder,31,DET,PG,28,8,25.lut,03.kwi,9.0,0.378,01.sty,03.sie,0.302,02.mar,05.lut,0.434,0.442,02.wrz,03.kwi,0.833,0.5,02.lut,02.cze,05.mar,0.5,0.2,01.mar,2.0,10.sie,
144,Rui Hachimura,26,LAL,PF,59,57,31.lip,5.0,09.sie,0.509,01.lip,04.lut,0.413,03.lut,05.cze,0.581,0.597,01.maj,01.wrz,0.77,01.mar,03.lip,5.0,01.kwi,0.8,0.4,0.8,01.sie,13.sty,
145,Brook Lopez,36,MIL,C,80,80,31.sie,04.wrz,09.lip,0.509,01.lip,04.lip,0.373,03.lut,5.0,0.636,0.599,01.kwi,01.lip,0.826,01.kwi,03.cze,5.0,01.sie,0.6,01.wrz,01.sty,02.sty,13.0,
146,Alex Sarr,19,WAS,C,67,67,27.sty,04.wrz,12.kwi,0.394,01.cze,05.sty,0.308,03.mar,07.mar,0.454,0.457,01.lip,02.maj,0.679,01.wrz,04.cze,06.maj,02.kwi,0.7,01.maj,01.lip,02.lut,13.0,ROY-4
147,Moritz Wagner,27,ORL,C,30,1,18.sie,04.lip,08.mar,0.562,0.9,02.maj,0.36,03.sie,05.sie,0.649,0.616,02.cze,03.lip,0.718,01.mar,03.cze,04.wrz,01.kwi,0.8,0.4,01.cze,01.sie,12.wrz,
148,Malcolm Brogdon,32,WAS,PG,24,13,23.maj,04.mar,10.0,0.433,0.7,02.mar,0.286,03.lip,07.lip,0.478,0.467,03.kwi,03.sie,0.88,0.9,02.wrz,03.sie,04.sty,0.5,0.2,01.cze,01.mar,12.lip,
149,Scoot Henderson,20,POR,PG,66,10,26.lip,04.mar,10.kwi,0.419,01.cze,04.maj,0.354,02.sie,05.wrz,0.469,0.496,02.kwi,03.sty,0.767,0.8,02.lut,3.0,05.sty,1.0,0.2,02.lip,02.lip,12.lip,
150,Keldon Johnson,25,SAS,SF,77,0,23.wrz,04.sie,10.0,0.482,01.sty,03.cze,0.318,03.lip,06.kwi,0.573,0.538,01.wrz,02.maj,0.773,01.maj,03.kwi,04.sie,01.cze,0.6,0.3,1.0,01.maj,12.lip,
151,D'Angelo Russell,28,2TM,PG,58,36,25.maj,04.mar,11.0,0.39,01.wrz,06.lut,0.314,02.mar,04.sie,0.489,0.479,02.sty,02.maj,0.834,0.3,02.kwi,02.sie,05.sty,1.0,0.4,01.wrz,2.0,12.cze,
152,D'Angelo Russell,28,LAL,PG,29,10,26.mar,04.kwi,10.lip,0.415,01.wrz,05.sie,0.333,02.maj,04.wrz,0.51,0.505,01.cze,01.sie,0.849,0.3,02.maj,02.sie,04.lip,0.8,0.1,01.lip,01.sie,12.kwi,
153,D'Angelo Russell,28,BRK,PG,29,26,24.lip,04.sty,11.mar,0.367,2.0,06.cze,0.297,02.lut,04.lip,0.467,0.454,02.cze,03.lut,0.826,0.4,02.kwi,02.sie,05.cze,01.sty,0.7,2.0,02.sty,12.wrz,
154,Zaccharie Risacher,19,ATL,SF,75,73,24.cze,04.sie,10.kwi,0.458,01.cze,04.cze,0.355,03.sty,05.sie,0.54,0.537,01.kwi,2.0,0.711,01.sty,02.kwi,03.cze,01.lut,0.7,0.5,01.lut,2.0,12.cze,ROY-2
155,Santi Aldama,24,MEM,PF,65,16,25.maj,04.sie,10.0,0.483,01.sie,5.0,0.368,3.0,5.0,0.599,0.576,1.0,01.kwi,0.691,01.kwi,5.0,06.kwi,02.wrz,0.8,0.4,01.sty,01.lut,12.maj,
156,Ty Jerome,27,CLE,SG,70,3,19.wrz,04.cze,08.sie,0.516,01.cze,03.cze,0.439,3.0,05.lut,0.57,0.606,01.sie,02.sty,0.872,0.7,01.sie,02.maj,03.kwi,01.sty,0.0,01.mar,01.maj,12.maj,6MOY-3
157,Keegan Murray,24,SAC,PF,76,76,34.3,04.sie,10.sie,0.444,2.0,05.wrz,0.343,02.sie,04.wrz,0.566,0.538,0.8,0.9,0.833,01.wrz,04.sie,06.lip,01.kwi,0.8,0.9,0.8,02.kwi,12.kwi,
158,Lonnie Walker IV,26,PHI,SG,20,7,23.wrz,04.maj,10.cze,0.42,02.mar,06.kwi,0.354,02.lut,04.mar,0.518,0.526,01.lut,01.maj,0.8,0.3,02.wrz,03.lut,02.maj,0.5,0.3,01.mar,01.kwi,12.kwi,
159,Harrison Barnes,32,SAS,PF,82,82,27.lut,04.lut,08.mar,0.508,01.wrz,04.kwi,0.433,02.mar,03.wrz,0.591,0.622,2.0,02.kwi,0.809,01.lut,02.cze,03.sie,01.lip,0.5,0.2,0.6,0.9,12.mar,
160,Bilal Coulibaly,20,WAS,SF,59,59,33.0,04.maj,10.cze,0.421,01.sty,03.sie,0.281,03.kwi,06.sie,0.5,0.472,02.mar,03.sty,0.746,01.maj,03.kwi,5.0,03.kwi,01.mar,0.7,02.sty,02.kwi,12.mar,
161,Ayo Dosunmu,25,CHI,SG,46,26,30.mar,04.sie,09.sie,0.492,01.mar,04.sty,0.328,03.maj,05.lip,0.612,0.561,01.mar,01.lip,0.785,0.6,02.wrz,03.maj,04.maj,0.9,0.4,01.maj,02.mar,12.mar,
162,Daniel Gafford,26,DAL,C,57,31,21.maj,5.0,07.sty,0.702,0.0,0.0,,5.0,07.sty,0.702,0.702,02.kwi,03.kwi,0.689,02.lip,04.sty,06.sie,01.kwi,0.4,01.sie,01.lut,02.lip,12.mar,
163,Jaden McDaniels,24,MIN,PF,82,82,31.9,04.wrz,10.lut,0.477,01.lut,03.lip,0.33,03.cze,06.maj,0.561,0.537,01.mar,01.cze,0.813,01.cze,04.lut,05.lip,2.0,01.mar,0.9,01.lut,02.lip,12.lut,
164,Jabari Smith Jr.,21,HOU,PF,57,39,30.sty,04.kwi,09.wrz,0.438,01.lip,04.wrz,0.354,02.cze,05.sty,0.519,0.525,01.sie,02.lut,0.825,01.sie,05.lut,7.0,01.sty,0.4,0.7,01.sty,02.lut,12.lut,
165,Caris LeVert,30,2TM,SG,64,3,24.wrz,04.kwi,09.kwi,0.467,01.lip,04.kwi,0.373,02.lip,04.wrz,0.552,0.556,01.lip,02.kwi,0.71,0.6,02.maj,03.lut,03.kwi,0.9,0.5,01.lut,01.maj,12.sty,
166,Caris LeVert,30,CLE,SF,38,3,23.sie,03.cze,07.sie,0.453,01.cze,03.wrz,0.405,2.0,03.wrz,0.5,0.554,01.maj,02.lut,0.699,0.6,02.lut,02.sie,03.lip,0.9,0.5,01.mar,01.mar,10.lut,
167,Caris LeVert,30,ATL,SG,26,0,26.cze,05.cze,11.cze,0.482,01.sie,05.lut,0.338,03.sie,06.mar,0.6,0.558,2.0,02.sie,0.722,0.7,3.0,03.lip,02.wrz,0.9,0.5,1.0,2.0,14.wrz,
168,Drew Timme,24,BRK,PF,9,2,28.lut,5.0,11.mar,0.441,1.0,03.wrz,0.257,4.0,07.kwi,0.537,0.485,01.sty,01.sie,0.625,01.wrz,05.mar,07.lut,02.lut,0.4,0.1,01.lip,02.mar,12.sty,
169,Tari Eason,23,HOU,PF,57,16,24.wrz,04.sie,09.sie,0.487,01.sty,03.lut,0.342,03.lip,06.cze,0.557,0.543,01.kwi,01.sie,0.76,02.lut,04.sty,06.kwi,01.maj,01.lip,0.9,01.sty,02.kwi,12.0,
170,Rudy Gobert,32,MIN,C,72,72,33.2,04.lip,07.sty,0.669,0.0,0.0,,04.lip,07.sty,0.669,0.669,02.cze,03.sie,0.674,03.lip,07.lut,10.wrz,01.sie,0.8,01.kwi,01.lut,02.maj,12.0,"DPOY-13,DEF2"
171,Aaron Nesmith,25,IND,SF,45,37,25.0,04.mar,08.kwi,0.507,01.wrz,04.mar,0.431,02.kwi,04.sty,0.587,0.617,01.cze,01.sie,0.913,0.8,03.sty,4.0,01.lut,0.8,0.4,0.8,02.maj,12.0,
172,Aaron Wiggins,26,OKC,SG,76,26,22.wrz,04.lip,09.cze,0.488,01.lip,04.maj,0.383,3.0,05.sty,0.578,0.577,1.0,01.lut,0.831,01.sty,02.sie,03.wrz,01.sie,0.8,0.2,0.9,01.mar,12.0,
173,Khris Middleton,33,2TM,SF,37,21,22.sie,04.mar,09.sty,0.475,01.mar,03.cze,0.361,3.0,05.maj,0.549,0.546,01.wrz,02.mar,0.857,0.4,03.kwi,03.lip,04.sty,0.9,0.2,01.maj,2.0,11.wrz,
174,Khris Middleton,33,MIL,SF,23,7,23.lut,04.lip,09.lut,0.512,01.maj,03.lip,0.407,03.lut,05.kwi,0.584,0.595,01.lip,2.0,0.848,0.2,03.maj,03.lip,04.kwi,0.7,0.2,01.cze,02.mar,12.cze,
175,Khris Middleton,33,WAS,SF,14,14,22.sty,03.lip,9.0,0.413,0.9,03.kwi,0.277,02.sie,05.cze,0.494,0.464,02.kwi,02.lip,0.868,0.6,03.sty,03.lip,03.kwi,01.mar,0.2,01.kwi,01.cze,10.lip,
176,Jalen Duren,21,DET,C,78,78,26.sty,04.sie,7.0,0.692,0.0,0.0,,04.sie,7.0,0.692,0.692,02.sty,03.sty,0.669,03.cze,06.sie,10.mar,02.lip,0.7,01.sty,01.lip,03.lut,11.sie,
177,Donte DiVincenzo,28,MIN,SG,62,10,25.wrz,4.0,09.cze,0.422,02.sie,07.sty,0.397,01.lut,02.maj,0.49,0.568,0.8,1.0,0.778,0.5,03.lut,03.lip,03.cze,01.lut,0.3,01.cze,01.sie,11.lip,
178,Brandin Podziemski,21,GSW,SG,64,33,26.sie,04.kwi,09.sie,0.445,01.sie,04.sie,0.372,02.cze,5.0,0.516,0.537,01.sty,01.maj,0.758,1.0,04.sty,05.sty,03.kwi,01.sty,0.2,01.lut,01.maj,11.lip,
179,Corey Kispert,25,WAS,SF,61,0,26.mar,04.lut,09.mar,0.451,2.0,05.kwi,0.364,02.lut,03.wrz,0.574,0.558,01.lut,01.kwi,0.852,0.6,02.kwi,3.0,01.lip,0.4,0.2,1.0,01.cze,11.cze,
180,Jeremy Sochan,21,SAS,PF,54,23,25.mar,04.cze,08.lip,0.535,0.5,01.lip,0.308,04.sty,7.0,0.59,0.565,01.cze,02.mar,0.696,02.kwi,04.lut,06.maj,02.kwi,0.8,0.5,01.cze,02.kwi,11.kwi,
181,Toumani Camara,24,POR,PF,78,78,32.7,04.lut,09.lut,0.458,01.lip,04.cze,0.375,02.maj,04.cze,0.542,0.552,01.lut,01.cze,0.722,02.lut,03.cze,05.sie,02.lut,01.maj,0.6,01.kwi,02.wrz,11.mar,"DPOY-9,DEF2"
182,Isaiah Hartenstein,26,OKC,C,57,53,27.wrz,04.wrz,08.kwi,0.581,0.0,0.3,0.0,04.wrz,08.sty,0.605,0.581,01.kwi,02.sty,0.675,02.wrz,07.wrz,10.lip,03.sie,0.8,01.sty,01.lip,3.0,11.lut,
183,Buddy Hield,32,GSW,SG,82,22,22.lip,4.0,09.cze,0.417,02.maj,06.lip,0.37,01.maj,02.wrz,0.527,0.546,0.6,0.8,0.828,0.6,02.cze,03.lut,01.cze,0.8,0.3,01.sty,01.cze,11.sty,
184,Jrue Holiday,34,BOS,PG,62,62,30.cze,04.sty,09.lut,0.443,01.lip,04.wrz,0.353,02.kwi,04.mar,0.547,0.538,01.sty,01.lut,0.909,01.lut,3.0,04.mar,03.wrz,01.sty,0.4,01.lut,01.cze,11.sty,
185,Walker Kessler,23,UTA,C,58,58,30.0,04.sie,07.lut,0.663,0.1,0.6,0.176,04.lip,06.cze,0.706,0.671,01.kwi,02.cze,0.52,04.cze,07.cze,12.lut,01.lip,0.6,02.kwi,01.maj,02.lut,11.sty,
186,Gary Trent Jr.,26,MIL,SG,74,9,25.cze,03.sie,08.wrz,0.431,02.kwi,05.wrz,0.416,01.kwi,3.0,0.46,0.568,01.sty,01.lut,0.848,0.3,2.0,02.mar,01.lut,1.0,0.1,0.6,01.lip,11.sty,
187,Spencer Dinwiddie,31,DAL,PG,79,30,27.0,03.cze,08.cze,0.416,01.kwi,04.sty,0.334,02.lut,04.maj,0.492,0.496,02.maj,03.sty,0.802,0.2,02.kwi,02.cze,04.kwi,0.9,0.2,01.mar,01.maj,11.0,
188,Tim Hardaway Jr.,32,DET,SG,77,77,28.0,03.cze,08.sie,0.406,02.lut,05.wrz,0.368,01.kwi,02.wrz,0.484,0.529,01.cze,01.wrz,0.855,0.2,02.sty,02.kwi,01.cze,0.5,0.1,0.6,01.lut,11.0,
189,Duncan Robinson,30,MIA,SF,74,37,24.sty,03.wrz,9.0,0.437,02.cze,06.maj,0.393,01.kwi,02.kwi,0.556,0.581,0.6,0.7,0.887,0.2,2.0,02.mar,02.kwi,0.5,0.1,01.lut,01.sie,11.0,
190,Guerschon Yabusele,29,PHI,C,70,43,27.sty,4.0,8.0,0.501,01.maj,03.wrz,0.38,02.maj,04.sty,0.616,0.593,01.kwi,2.0,0.725,01.wrz,03.lip,05.cze,02.sty,0.8,0.3,01.lut,02.mar,11.0,
191,Brice Sensabaugh,21,UTA,SF,71,15,20.lut,03.wrz,08.kwi,0.459,02.lut,05.lut,0.422,01.lip,03.lut,0.52,0.59,0.9,1.0,0.89,0.6,02.kwi,3.0,01.maj,0.6,0.1,01.maj,01.cze,10.wrz,
192,Bogdan Bogdanović,32,2TM,SG,54,4,25.0,03.wrz,09.sty,0.427,01.wrz,05.kwi,0.363,01.wrz,03.sie,0.517,0.534,01.sty,01.lut,0.879,0.4,02.maj,02.wrz,02.lip,0.8,0.2,01.kwi,02.kwi,10.sie,
193,Bogdan Bogdanović,32,ATL,SG,24,0,24.wrz,03.maj,09.mar,0.371,01.sie,06.sty,0.301,01.cze,03.mar,0.5,0.469,01.mar,01.kwi,0.882,0.5,02.mar,02.sie,2.0,0.8,0.3,01.maj,02.kwi,10.0,
194,Bogdan Bogdanović,32,LAC,SG,30,4,25.0,04.lut,08.wrz,0.474,2.0,04.sie,0.427,02.lut,04.lut,0.528,0.588,0.9,01.sty,0.875,0.4,02.lip,03.sty,03.lut,0.7,0.2,01.lut,02.mar,11.kwi,
195,Jordan Hawkins,22,NOP,SG,56,9,23.cze,03.lip,09.wrz,0.372,2.0,05.wrz,0.331,01.lip,4.0,0.433,0.471,01.kwi,01.sie,0.816,0.4,02.kwi,02.sie,01.lut,0.5,0.4,1.0,0.9,10.sie,
196,Brandon Boston Jr.,23,NOP,SG,42,10,23.cze,4.0,09.sty,0.436,01.lut,03.mar,0.35,02.sie,05.lip,0.485,0.5,01.cze,2.0,0.788,0.7,02.maj,03.lut,02.lut,01.mar,0.2,01.lut,01.lip,10.lip,
197,Nikola Jović,21,MIA,PF,46,10,25.sty,03.lip,08.lut,0.456,01.lip,04.cze,0.371,2.0,03.cze,0.563,0.56,01.cze,01.wrz,0.828,0.6,03.mar,03.wrz,02.sie,0.8,0.3,01.mar,01.sie,10.lip,
198,Grayson Allen,29,PHO,SG,64,7,24.sty,03.kwi,07.cze,0.448,02.mar,05.maj,0.426,01.sty,02.lut,0.504,0.6,01.maj,01.sie,0.816,0.5,02.maj,3.0,02.sty,0.8,0.3,01.lut,01.maj,10.cze,
199,Keon Johnson,22,BRK,SG,79,56,24.kwi,03.sie,09.wrz,0.389,01.cze,05.sty,0.314,02.lut,04.sie,0.468,0.47,01.kwi,01.sie,0.77,0.8,3.0,03.sie,02.lut,1.0,0.4,01.maj,02.cze,10.cze,
200,Terry Rozier,30,MIA,PG,64,23,25.wrz,03.wrz,09.wrz,0.391,01.kwi,04.sie,0.295,02.maj,05.sty,0.48,0.462,01.kwi,01.lip,0.852,0.7,3.0,03.lip,02.cze,0.6,0.2,01.lut,01.sty,10.cze,
201,Obi Toppin,26,IND,PF,79,4,19.cze,4.0,07.cze,0.529,01.kwi,03.sie,0.365,02.cze,03.sie,0.695,0.621,01.sty,01.kwi,0.781,0.7,03.mar,4.0,01.cze,0.6,0.4,0.9,01.kwi,10.maj,
202,Jonas Valanči?nas,32,2TM,C,81,21,18.sie,04.mar,07.lip,0.55,0.1,0.5,0.216,04.lut,07.mar,0.571,0.557,01.sie,2.0,0.879,02.mar,05.kwi,07.lip,2.0,0.5,0.6,01.maj,02.lut,10.kwi,
203,Jonas Valanči?nas,32,WAS,C,49,12,20.sty,04.lip,08.cze,0.547,0.1,0.6,0.259,04.cze,08.sty,0.567,0.556,01.wrz,02.lut,0.896,02.kwi,05.sie,08.lut,02.lut,0.4,0.6,01.sie,2.0,11.maj,
204,Jonas Valanči?nas,32,SAC,C,32,9,16.wrz,03.cze,06.kwi,0.556,0.0,0.3,0.1,03.maj,06.sty,0.579,0.559,01.cze,01.sie,0.847,02.lut,04.sie,7.0,01.sie,0.5,0.6,1.0,02.cze,08.lip,
205,Ochai Agbaji,24,TOR,SG,64,45,27.lut,04.lut,08.mar,0.498,01.cze,4.0,0.399,02.cze,04.kwi,0.587,0.593,0.5,0.8,0.708,1.0,02.sie,03.sie,01.maj,0.9,0.5,0.8,2.0,10.kwi,
206,Jaylen Wells,21,MEM,SG,79,74,25.wrz,03.cze,08.cze,0.425,01.lip,5.0,0.352,01.wrz,03.cze,0.525,0.527,01.kwi,01.lip,0.822,01.sty,02.mar,03.kwi,01.lip,0.6,0.1,0.9,01.sie,10.kwi,ROY-3
207,Grant Williams,26,CHO,PF,16,7,29.wrz,03.kwi,07.lip,0.439,01.lip,04.cze,0.365,01.lip,03.sty,0.551,0.549,01.wrz,02.mar,0.838,01.sty,4.0,05.sty,02.mar,01.sty,0.8,01.sie,02.wrz,10.kwi,
208,Kevin Porter Jr.,24,2TM,SG,75,4,19.sie,03.wrz,08.lip,0.449,0.7,02.kwi,0.311,03.lut,06.mar,0.501,0.492,01.lip,02.mar,0.769,0.6,03.sty,03.lip,03.kwi,01.sty,0.2,01.sie,01.cze,10.mar,
209,Kevin Porter Jr.,24,LAC,SG,45,2,19.cze,03.sie,9.0,0.423,0.6,02.kwi,0.245,03.lut,06.lip,0.485,0.455,01.sty,01.lip,0.645,0.6,02.wrz,03.cze,03.lut,1.0,0.2,01.wrz,01.cze,09.mar,
210,Kevin Porter Jr.,24,MIL,SG,30,2,19.wrz,4.0,08.lut,0.494,1.0,02.kwi,0.408,03.sty,05.sie,0.529,0.553,02.lip,03.sty,0.871,0.4,03.maj,03.wrz,03.lip,01.mar,0.1,01.lip,01.cze,11.lip,
211,Jose Alvarado,26,NOP,PG,56,23,24.kwi,03.cze,09.mar,0.392,2.0,05.maj,0.359,01.lip,03.sie,0.439,0.498,01.sty,01.mar,0.811,0.5,01.wrz,02.kwi,04.cze,01.mar,0.3,01.maj,01.cze,10.mar,
212,Nic Claxton,25,BRK,C,70,62,26.wrz,04.cze,08.sty,0.563,0.1,0.3,0.238,04.maj,07.sie,0.576,0.568,01.sty,02.lut,0.513,02.lut,05.sty,07.kwi,02.lut,0.9,01.kwi,01.lut,02.sty,10.mar,
213,Herbert Jones,26,NOP,SF,20,20,32.4,03.sie,08.cze,0.436,01.sty,03.cze,0.306,02.lip,5.0,0.53,0.5,01.lip,2.0,0.825,01.sty,02.sie,03.wrz,03.mar,01.wrz,0.5,01.sie,03.mar,10.mar,
214,De'Anthony Melton,26,GSW,SG,6,2,20.lut,03.lip,9.0,0.407,02.lut,05.sie,0.371,01.maj,03.lut,0.474,0.528,0.8,01.mar,0.625,1.0,02.mar,03.mar,02.sie,01.lut,0.3,01.lip,3.0,10.mar,
215,Isaiah Joe,25,OKC,SG,74,16,21.lip,03.maj,07.wrz,0.44,02.cze,06.mar,0.412,0.9,01.cze,0.549,0.604,0.6,0.8,0.821,0.6,02.sty,02.cze,01.cze,0.6,0.1,0.5,01.maj,10.lut,
216,Tyus Jones,28,PHO,PG,81,58,26.sie,03.sie,08.kwi,0.448,2.0,5.0,0.414,01.lip,03.maj,0.496,0.57,0.6,0.7,0.895,0.5,01.wrz,02.kwi,05.mar,0.9,0.1,01.sty,0.8,10.lut,
217,Trendon Watford,24,BRK,PF,44,6,20.sie,03.lip,8.0,0.469,0.7,2.0,0.33,03.sty,6.0,0.515,0.51,02.sty,02.sie,0.762,0.8,02.sie,03.cze,02.cze,0.6,0.3,01.wrz,02.lut,10.lut,
218,Keion Brooks Jr.,24,NOP,SF,14,6,23.lip,03.sie,07.sie,0.486,1.0,03.sty,0.326,02.sie,04.lip,0.591,0.55,01.cze,02.sty,0.733,0.9,03.mar,04.sty,0.9,0.7,0.7,0.9,02.sty,10.sty,
219,Luguentz Dort,25,OKC,SF,71,71,29.2,03.cze,08.kwi,0.435,02.kwi,05.sie,0.412,01.lut,02.maj,0.489,0.578,0.5,0.6,0.717,01.mar,02.wrz,04.sty,01.cze,01.sty,0.5,0.7,02.wrz,10.sty,"DPOY-4,DEF1"
220,Justin Edwards,21,PHI,SF,44,26,26.mar,03.wrz,08.cze,0.455,01.cze,04.mar,0.363,02.mar,04.mar,0.548,0.546,0.7,1.0,0.696,1.0,02.mar,03.kwi,01.cze,1.0,0.4,01.sty,02.lut,10.sty,
221,Derrick Jones Jr.,27,LAC,SF,77,55,24.mar,4.0,07.cze,0.526,1.0,02.sie,0.356,3.0,04.sie,0.627,0.593,01.sty,01.maj,0.703,01.lut,02.lut,03.kwi,0.8,1.0,0.4,0.9,2.0,10.sty,
222,Ausar Thompson,22,DET,SF,59,48,22.maj,04.lut,07.sie,0.535,0.2,0.8,0.224,4.0,7.0,0.572,0.547,01.maj,02.kwi,0.641,01.wrz,03.mar,05.sty,02.mar,01.lip,0.7,01.kwi,02.sie,10.sty,
223,Chris Boucher,32,TOR,PF,50,0,17.lut,03.cze,07.kwi,0.492,01.kwi,03.wrz,0.363,02.lut,03.maj,0.633,0.586,01.kwi,01.lip,0.782,01.kwi,03.sty,04.maj,0.7,0.5,0.5,0.6,01.kwi,10.0,
224,Andrew Nembhard,25,IND,SG,65,65,28.wrz,03.sie,08.mar,0.458,0.8,02.lip,0.291,3.0,05.cze,0.538,0.506,01.lip,02.sty,0.794,0.5,02.sie,03.mar,5.0,01.lut,0.2,01.lip,02.mar,10.0,
225,Ziaire Williams,23,BRK,SF,63,45,24.maj,03.kwi,08.mar,0.412,01.cze,04.sie,0.341,01.sie,03.maj,0.509,0.511,01.cze,2.0,0.821,1.0,03.cze,04.cze,01.mar,1.0,0.4,01.sty,02.kwi,10.0,
226,Kevin Huerter,26,2TM,SG,69,31,24.mar,03.lip,08.sie,0.425,01.wrz,05.lip,0.338,01.sie,03.sty,0.587,0.535,0.5,0.7,0.714,0.4,02.maj,3.0,02.mar,1.0,0.3,1.0,01.sie,09.wrz,
227,Kevin Huerter,26,SAC,SG,43,15,20.wrz,3.0,07.lut,0.413,01.kwi,04.sie,0.302,01.maj,02.kwi,0.629,0.513,0.5,0.7,0.714,0.4,02.mar,02.sie,01.lip,0.8,0.4,0.9,01.cze,07.wrz,
228,Kevin Huerter,26,CHI,SG,26,16,30.0,5.0,11.mar,0.439,02.lip,07.lut,0.376,02.mar,04.lut,0.546,0.558,0.6,0.8,0.714,0.4,02.sie,03.mar,03.lut,01.lut,0.3,01.lut,2.0,13.lut,
229,Georges Niang,31,2TM,PF,79,3,21.maj,03.cze,07.sie,0.461,02.sty,05.lut,0.406,01.maj,02.lip,0.569,0.595,0.6,0.7,0.793,0.6,02.sie,03.kwi,01.kwi,0.4,0.2,1.0,02.maj,09.wrz,
230,Georges Niang,31,CLE,PF,51,1,20.cze,03.mar,06.sie,0.477,01.sie,04.kwi,0.4,01.maj,02.kwi,0.618,0.606,0.5,0.6,0.793,0.7,3.0,03.lip,01.mar,0.3,0.1,0.9,02.maj,08.lip,
231,Georges Niang,31,ATL,PF,28,2,23.0,04.mar,09.lip,0.441,02.lip,06.cze,0.413,01.cze,03.sty,0.5,0.581,0.8,1.0,0.793,0.5,02.maj,3.0,01.cze,0.4,0.3,01.lut,02.cze,12.sty,
232,Julian Champagnie,23,SAS,SF,82,29,23.cze,03.kwi,08.sty,0.415,02.lut,05.wrz,0.371,01.lut,02.mar,0.53,0.549,1.0,01.sty,0.904,0.8,03.sty,03.wrz,01.kwi,0.7,0.4,0.9,01.kwi,09.wrz,
233,Scotty Pippen Jr.,24,MEM,PG,79,21,21.mar,03.cze,07.maj,0.48,01.sty,02.sie,0.397,02.maj,04.lip,0.528,0.553,01.maj,02.lut,0.713,0.8,02.maj,03.mar,04.kwi,01.mar,0.4,01.lip,02.cze,09.wrz,
234,Nick Smith Jr.,20,CHO,SG,60,27,22.sie,03.lip,09.maj,0.391,01.lip,05.sty,0.34,2.0,04.kwi,0.45,0.482,0.7,0.8,0.935,0.2,01.wrz,02.sty,02.kwi,0.3,0.1,01.kwi,01.mar,09.wrz,
235,Bub Carrington,19,WAS,PG,82,57,30.0,03.lip,09.sty,0.401,01.lip,5.0,0.339,2.0,04.lut,0.475,0.493,0.8,1.0,0.812,0.4,03.sie,04.lut,04.kwi,0.7,0.3,01.lip,02.mar,09.sie,
236,Moses Moody,22,GSW,SG,74,34,22.mar,03.mar,07.lip,0.433,01.lip,04.cze,0.374,01.cze,03.sty,0.519,0.544,01.kwi,01.sie,0.797,0.7,01.wrz,02.cze,01.mar,0.8,0.4,0.7,01.cze,09.sie,
237,Amir Coffey,27,LAC,SG,72,13,24.mar,03.mar,07.sty,0.471,01.kwi,03.kwi,0.409,01.wrz,03.lip,0.529,0.57,01.cze,01.sie,0.891,0.4,01.sie,02.lut,01.sty,0.6,0.1,0.6,01.lip,09.lip,
238,Max Christie,21,2TM,SG,78,36,27.mar,03.lut,07.cze,0.427,01.maj,4.0,0.366,01.sie,03.maj,0.496,0.525,01.lip,01.wrz,0.855,0.5,02.sie,03.mar,01.wrz,0.8,0.4,01.sty,01.maj,09.cze,
239,Max Christie,21,LAL,SG,46,25,25.sty,02.sie,06.mar,0.444,01.mar,03.maj,0.368,01.maj,02.lip,0.544,0.549,01.cze,01.wrz,0.851,0.5,02.sty,02.lip,01.kwi,0.8,0.5,0.8,01.cze,08.maj,
240,Max Christie,21,DAL,SG,32,11,30.kwi,03.wrz,09.kwi,0.411,01.lip,04.lip,0.364,02.lut,04.lip,0.457,0.502,01.sie,2.0,0.862,0.4,03.sie,04.lut,02.maj,0.9,0.3,01.maj,01.mar,11.lut,
241,Kyle Filipowski,21,UTA,C,72,27,21.sty,03.cze,07.lut,0.502,01.sty,03.sty,0.35,02.maj,04.sty,0.614,0.576,01.mar,2.0,0.65,01.cze,04.cze,06.sty,01.wrz,0.7,0.3,01.kwi,02.kwi,09.cze,
242,Tosan Evbuomwan,23,BRK,SF,28,0,23.sie,03.kwi,07.wrz,0.427,0.9,02.sie,0.312,02.maj,05.sty,0.49,0.482,2.0,02.cze,0.753,01.sty,03.sty,04.mar,2.0,0.9,0.4,01.kwi,2.0,09.maj,
243,Miles McBride,24,NYK,PG,64,10,24.wrz,03.maj,08.maj,0.406,01.sie,04.wrz,0.369,01.lip,03.lip,0.455,0.511,0.8,1.0,0.813,0.7,01.sie,02.maj,02.wrz,1.0,0.3,0.6,01.lip,09.maj,
244,Jalen Wilson,24,BRK,PF,79,22,25.lip,03.sty,07.sie,0.397,01.maj,04.cze,0.337,01.cze,03.mar,0.481,0.495,01.lip,02.sty,0.818,0.9,02.maj,03.kwi,01.sie,0.5,0.1,1.0,02.sty,09.maj,
245,Nickeil Alexander-Walker,26,MIN,SG,82,10,25.mar,03.mar,07.maj,0.438,01.lip,04.maj,0.381,01.cze,3.0,0.524,0.553,01.sty,01.kwi,0.78,0.7,02.cze,03.lut,02.lip,0.6,0.4,01.lut,01.lip,09.kwi,6MOY-6
246,Cole Anthony,24,ORL,PG,67,22,18.kwi,03.kwi,08.sty,0.424,01.sty,03.mar,0.353,02.mar,04.wrz,0.471,0.494,01.kwi,01.lip,0.823,0.7,02.kwi,3.0,02.wrz,0.7,0.5,01.maj,02.mar,09.kwi,
247,Anthony Black,21,ORL,PG,78,10,24.lut,03.kwi,07.wrz,0.423,0.8,02.maj,0.318,02.cze,05.kwi,0.471,0.473,01.wrz,02.maj,0.761,0.7,02.mar,02.wrz,03.sty,01.sty,0.6,01.sie,02.sty,09.kwi,
248,Max Strus,28,CLE,SF,50,37,25.maj,03.mar,07.maj,0.442,02.mar,05.wrz,0.386,1.0,01.cze,0.65,0.594,0.6,0.7,0.824,01.sty,03.mar,04.mar,03.lut,0.5,0.2,01.sty,02.sty,09.kwi,
249,Tristan Vukcevic,21,WAS,C,35,1,14.lip,03.kwi,06.wrz,0.496,01.sty,02.wrz,0.373,02.mar,4.0,0.586,0.574,01.maj,01.wrz,0.776,0.7,3.0,03.lip,01.sty,0.3,0.7,01.lut,01.cze,09.kwi,
250,Cam Whitmore,20,HOU,SF,51,3,16.lut,03.maj,07.wrz,0.444,01.mar,03.cze,0.355,02.lut,04.mar,0.518,0.525,01.sty,01.kwi,0.75,0.7,02.mar,3.0,1.0,0.6,0.3,0.9,0.9,09.kwi,
251,Nick Richards,27,2TM,C,57,43,22.0,03.cze,06.sty,0.591,0.0,0.0,0.0,03.cze,06.sty,0.594,0.591,02.sty,02.sie,0.744,02.cze,05.cze,08.lut,0.9,0.2,1.0,01.kwi,02.maj,09.mar,
252,Nick Richards,27,CHO,C,21,9,21.0,3.0,05.kwi,0.561,0.0,0.0,0.0,3.0,05.kwi,0.566,0.561,02.sie,04.sty,0.678,02.kwi,05.sty,07.maj,01.mar,0.3,01.lut,01.cze,02.mar,08.wrz,
253,Nick Richards,27,PHO,C,36,34,22.lip,03.wrz,06.maj,0.605,0.0,0.0,0.0,03.wrz,06.kwi,0.608,0.605,01.lip,2.0,0.822,02.lip,05.wrz,08.cze,0.6,0.2,0.8,01.mar,02.cze,09.maj,
254,Kel'el Ware,20,MIA,C,64,36,22.lut,4.0,07.mar,0.554,0.5,01.lip,0.315,03.maj,05.maj,0.629,0.592,0.7,1.0,0.687,01.sie,05.cze,07.kwi,0.9,0.6,01.sty,0.9,01.lip,09.mar,ROY-6
255,Zach Edey,22,MEM,C,66,55,21.maj,03.sie,06.cze,0.58,0.3,0.8,0.346,03.maj,05.sie,0.612,0.6,01.kwi,01.wrz,0.709,03.maj,04.sie,08.mar,1.0,0.5,01.mar,01.mar,02.sie,09.lut,ROY-5
256,Wendell Carter Jr.,25,ORL,C,68,51,25.wrz,03.mar,07.lut,0.46,0.5,02.mar,0.234,02.sie,04.wrz,0.568,0.498,01.wrz,02.cze,0.737,02.lut,5.0,07.lut,2.0,0.8,0.6,01.sty,02.wrz,09.sty,
257,Noah Clowney,20,BRK,PF,46,20,22.lip,02.wrz,08.sty,0.358,01.wrz,05.lip,0.333,1.0,02.kwi,0.414,0.474,01.maj,01.lip,0.838,0.9,3.0,03.wrz,0.9,0.5,0.5,1.0,02.mar,09.sty,
258,Dalton Knecht,23,LAL,SF,78,16,19.lut,03.mar,07.sty,0.461,01.cze,04.kwi,0.376,01.lip,02.sie,0.594,0.576,0.8,01.sty,0.762,0.5,02.mar,02.sie,0.8,0.3,0.1,0.5,01.lut,09.sty,
259,A.J. Lawson,24,TOR,SG,26,2,18.lip,03.sty,07.mar,0.421,01.mar,03.wrz,0.327,01.sie,03.kwi,0.528,0.508,01.lip,02.kwi,0.683,0.8,02.maj,03.mar,01.lut,0.5,0.2,0.6,01.lip,09.sty,
260,T.J. McConnell,32,IND,PG,79,1,17.wrz,04.sty,07.wrz,0.519,0.2,0.6,0.306,03.wrz,07.mar,0.537,0.531,0.7,1.0,0.74,0.6,01.wrz,02.kwi,04.kwi,01.sty,0.3,01.kwi,1.0,09.sty,
261,Yves Missi,20,NOP,C,73,67,26.sie,03.lip,06.lip,0.547,0.0,0.0,0.0,03.lip,06.lip,0.548,0.547,01.lip,02.sie,0.623,03.maj,04.lip,08.lut,01.kwi,0.5,01.mar,01.sty,2.0,09.sty,
262,Royce O'Neale,31,PHO,SF,75,22,24.maj,03.lut,07.cze,0.423,02.kwi,05.wrz,0.406,0.8,01.lip,0.481,0.58,0.3,0.3,0.731,0.7,03.wrz,04.lip,02.lut,0.9,0.5,0.9,2.0,09.sty,
263,Jared Butler,24,2TM,SG,60,17,17.kwi,03.kwi,07.cze,0.448,1.0,02.sie,0.355,02.kwi,04.lip,0.504,0.514,01.mar,01.maj,0.824,0.4,01.kwi,01.sie,03.lip,0.7,0.2,01.mar,01.cze,9.0,
264,Jared Butler,24,WAS,PG,32,0,11.mar,02.lip,05.maj,0.483,0.5,01.mar,0.366,02.lut,04.lut,0.519,0.526,01.sty,01.kwi,0.778,0.4,0.8,01.mar,02.cze,0.4,0.2,0.9,01.mar,06.wrz,
265,Jared Butler,24,PHI,SG,28,17,24.kwi,04.lut,09.wrz,0.426,01.cze,04.cze,0.352,02.cze,05.mar,0.49,0.507,01.kwi,01.cze,0.87,0.4,02.sty,02.maj,04.wrz,01.sty,0.3,01.sie,2.0,11.maj,
266,Marcus Smart,30,2TM,PG,34,7,20.0,3.0,07.cze,0.393,01.kwi,04.sty,0.348,01.maj,03.kwi,0.448,0.488,01.cze,02.sty,0.761,0.5,01.cze,02.sty,03.lut,01.sty,0.3,01.cze,01.cze,9.0,
267,Marcus Smart,30,MEM,PG,19,6,21.sty,02.sie,07.sie,0.358,01.maj,04.lip,0.322,01.mar,03.sty,0.414,0.456,01.cze,01.wrz,0.833,0.7,01.maj,02.mar,03.lip,01.lut,0.3,01.sie,01.cze,08.lip,
268,Marcus Smart,30,WAS,PG,15,1,18.lip,03.lut,07.mar,0.44,01.mar,03.kwi,0.392,01.wrz,03.wrz,0.483,0.532,01.cze,02.mar,0.686,0.3,01.lip,01.wrz,02.maj,01.sty,0.2,01.mar,01.maj,09.mar,
269,Draymond Green,34,GSW,PF,68,66,29.2,03.lut,07.maj,0.424,01.lut,03.cze,0.325,2.0,03.wrz,0.517,0.503,01.maj,02.lut,0.687,01.sty,5.0,06.sty,05.cze,01.maj,1.0,02.cze,03.lut,9.0,"DPOY-3,DEF1"
270,Killian Hayes,23,BRK,PG,6,5,27.0,3.0,07.lut,0.419,01.mar,03.maj,0.381,01.lip,03.lip,0.455,0.512,01.lip,2.0,0.833,0.8,02.lut,3.0,05.lut,0.7,0.7,01.maj,02.lut,9.0,
271,Al Horford,38,BOS,C,60,42,27.lip,03.mar,07.lip,0.423,01.wrz,05.lut,0.363,01.kwi,02.maj,0.551,0.547,0.6,0.6,0.895,01.mar,04.sie,06.lut,02.sty,0.6,0.9,0.8,01.kwi,9.0,
272,Julian Strawther,22,DEN,SG,65,4,21.mar,03.lut,07.maj,0.432,01.kwi,04.sty,0.349,01.sie,03.mar,0.535,0.529,01.sty,01.kwi,0.822,0.3,01.wrz,02.lut,01.mar,0.6,0.2,0.9,02.mar,9.0,
273,Patrick Williams,23,CHI,PF,63,36,25.0,03.mar,08.lut,0.397,01.maj,04.mar,0.353,01.lip,03.wrz,0.447,0.49,1.0,01.mar,0.723,0.7,03.sty,03.sie,2.0,0.8,0.5,01.kwi,01.kwi,9.0,
274,Jusuf Nurkić,30,2TM,C,51,32,20.sie,03.mar,06.wrz,0.477,0.6,02.sty,0.305,02.lip,04.sie,0.551,0.523,01.lip,02.maj,0.664,01.lip,06.sty,07.sie,02.mar,0.8,0.7,01.wrz,02.maj,08.wrz,
275,Jusuf Nurkić,30,PHO,C,25,23,23.lip,3.0,06.maj,0.454,0.8,02.kwi,0.322,02.lut,04.lut,0.529,0.512,01.wrz,02.sie,0.696,01.sie,07.mar,09.lut,01.wrz,0.9,0.6,02.mar,03.sty,08.cze,
276,Jusuf Nurkić,30,CHO,C,26,9,18.sty,03.cze,07.mar,0.497,0.5,01.sie,0.283,03.sty,05.maj,0.566,0.532,01.kwi,02.mar,0.627,01.maj,5.0,06.maj,02.cze,0.7,0.7,01.maj,2.0,09.lut,
277,Clint Capela,30,ATL,C,55,41,21.kwi,4.0,07.sty,0.559,0.0,0.0,0.0,4.0,07.sty,0.56,0.559,0.9,01.sie,0.536,03.lut,05.kwi,08.maj,01.sty,0.6,1.0,0.9,01.wrz,08.wrz,
278,Johnny Juzang,23,UTA,SG,64,18,19.sie,03.lut,07.kwi,0.429,01.sie,04.wrz,0.376,01.mar,02.maj,0.534,0.554,0.7,0.8,0.849,0.7,02.lut,02.wrz,01.sty,0.6,0.1,0.6,2.0,08.wrz,
279,Luke Kennard,28,MEM,SG,65,11,22.cze,03.lut,06.cze,0.478,01.lip,4.0,0.433,01.kwi,02.cze,0.547,0.609,0.8,0.9,0.895,0.6,02.lut,02.sie,03.mar,0.8,0.1,01.sty,0.9,08.wrz,
280,Justin Champagnie,23,WAS,SF,62,31,21.cze,03.kwi,06.cze,0.511,01.lut,03.sty,0.383,02.lut,03.maj,0.624,0.601,0.8,01.lut,0.685,01.sie,03.wrz,05.lip,1.0,1.0,0.6,0.9,01.sie,08.sie,
281,Svi Mykhailiuk,27,UTA,SF,38,13,20.0,03.sty,07.wrz,0.391,01.sie,05.mar,0.345,01.mar,02.cze,0.485,0.507,0.7,0.9,0.8,0.6,01.sie,02.kwi,2.0,0.5,0.2,01.kwi,01.sty,08.sie,
282,Chris Paul,39,SAS,PG,82,82,28.0,3.0,07.sty,0.427,01.lip,04.maj,0.377,01.mar,02.cze,0.514,0.547,1.0,01.sty,0.924,0.4,03.lut,03.cze,07.kwi,01.mar,0.3,01.cze,01.sie,08.sie,
283,Kelly Olynyk,33,2TM,C,44,22,20.mar,3.0,06.sty,0.5,0.8,01.sie,0.418,02.mar,04.mar,0.534,0.562,01.wrz,02.maj,0.769,01.kwi,03.mar,04.lip,02.wrz,0.8,0.4,01.lip,02.sie,08.lip,
284,Kelly Olynyk,33,TOR,C,24,2,16.0,02.maj,04.wrz,0.5,0.8,01.sie,0.442,01.lip,03.sty,0.533,0.581,01.kwi,01.sie,0.791,1.0,02.lip,03.lip,02.mar,0.7,0.3,01.maj,02.maj,07.sty,
285,Kelly Olynyk,33,NOP,C,20,20,25.kwi,03.sie,07.maj,0.5,0.7,01.sie,0.389,03.sty,05.lip,0.535,0.547,02.maj,03.mar,0.754,01.wrz,4.0,05.wrz,03.cze,0.9,0.6,02.sty,03.lut,10.lip,
286,Dorian Finney-Smith,31,2TM,PF,63,40,28.wrz,03.sty,06.wrz,0.448,2.0,5.0,0.411,1.0,01.wrz,0.545,0.597,0.5,0.7,0.667,01.mar,02.lip,03.wrz,01.kwi,0.9,0.4,0.9,02.lut,08.lip,
287,Dorian Finney-Smith,31,BRK,PF,20,20,29.0,03.lip,8.0,0.459,02.kwi,05.kwi,0.435,01.mar,02.cze,0.51,0.607,0.8,01.lut,0.625,01.cze,3.0,04.cze,01.cze,0.9,0.6,0.9,02.lip,10.kwi,
288,Dorian Finney-Smith,31,LAL,PF,43,20,28.sie,02.sie,06.kwi,0.442,01.wrz,04.sie,0.398,0.9,01.cze,0.571,0.591,0.3,0.5,0.714,01.sty,02.maj,03.cze,01.kwi,0.9,0.3,0.9,01.wrz,07.wrz,
289,Oshae Brissett,26,PHI,SF,6,2,23.lip,03.lut,06.maj,0.487,1.0,3.0,0.333,02.lut,03.maj,0.619,0.564,01.mar,02.mar,0.571,01.lut,02.maj,03.lip,0.7,0.7,0.5,01.mar,02.mar,08.lip,
290,Kentavious Caldwell-Pope,31,ORL,SG,77,77,29.cze,03.sty,07.sty,0.439,01.maj,04.mar,0.342,01.cze,02.sie,0.589,0.543,01.sty,01.lut,0.863,0.4,01.sie,02.lut,01.sie,01.mar,0.4,0.8,01.sie,08.lip,
291,Isaiah Collier,20,UTA,PG,71,46,25.wrz,03.mar,07.sie,0.422,0.6,02.kwi,0.249,02.lip,05.kwi,0.497,0.459,01.maj,02.lut,0.682,0.5,02.wrz,03.mar,06.mar,0.9,0.2,02.wrz,02.sty,08.lip,
292,Dante Exum,29,DAL,PG,20,13,18.cze,03.lut,06.lip,0.478,01.lut,02.lip,0.434,02.sty,04.sty,0.506,0.563,01.lut,01.cze,0.742,0.2,01.maj,01.lip,02.sie,0.6,0.2,01.sty,01.lip,08.lip,
293,Kyshawn George,21,WAS,SG,68,38,26.maj,3.0,8.0,0.372,01.lip,05.lut,0.322,01.mar,02.sie,0.464,0.476,1.0,01.kwi,0.753,0.7,03.maj,04.lut,02.maj,1.0,0.7,01.kwi,3.0,08.lip,
294,Jaden Hardy,22,DAL,SG,57,3,15.wrz,03.lut,07.mar,0.435,01.mar,03.maj,0.386,01.sie,03.sie,0.479,0.527,01.sty,01.maj,0.698,0.2,01.kwi,01.cze,01.kwi,0.5,0.1,01.kwi,01.cze,08.lip,
295,Dereck Lively II,20,DAL,C,36,29,23.sty,03.lip,05.mar,0.702,0.0,0.0,,03.lip,05.mar,0.702,0.702,01.mar,2.0,0.63,02.wrz,04.cze,07.maj,02.kwi,0.6,01.cze,01.sty,02.sie,08.lip,
296,Tyrese Martin,25,BRK,SG,60,11,21.wrz,03.lut,07.sie,0.406,01.lip,04.lip,0.351,01.maj,03.sty,0.492,0.513,0.8,1.0,0.793,1.0,02.lip,03.lip,2.0,0.6,0.2,01.lut,01.mar,08.lip,
297,Matas Buzelis,20,CHI,SF,80,31,18.wrz,03.lut,06.wrz,0.454,01.lut,03.mar,0.361,2.0,03.cze,0.54,0.541,01.sty,01.kwi,0.815,0.7,02.sie,03.maj,1.0,0.4,0.9,0.9,01.cze,08.cze,ROY-7
298,Jaime Jaquez Jr.,23,MIA,SF,66,17,20.lip,03.lut,7.0,0.461,0.6,01.sie,0.311,02.lip,05.lut,0.513,0.501,01.cze,02.lut,0.754,01.mar,03.sty,04.kwi,02.maj,0.9,0.2,01.maj,01.lut,08.cze,
299,Ja'Kobe Walter,20,TOR,SG,52,18,21.lut,03.sty,07.cze,0.405,01.mar,03.cze,0.349,01.sie,4.0,0.454,0.487,01.mar,01.cze,0.795,01.sty,01.wrz,03.sty,01.cze,0.8,0.2,1.0,01.sie,08.cze,
300,Sam Hauser,27,BOS,PF,71,19,21.lip,3.0,06.lip,0.451,02.mar,05.cze,0.416,0.7,01.sty,0.64,0.627,0.2,0.2,1.0,0.6,02.maj,03.lut,0.9,0.6,0.2,0.3,01.lut,08.maj,
301,Larry Nance Jr.,32,ATL,PF,24,3,19.mar,03.mar,06.maj,0.516,01.kwi,03.lut,0.447,01.wrz,03.mar,0.582,0.626,0.4,0.5,0.692,1.0,03.mar,04.mar,01.cze,0.8,0.5,0.7,01.maj,08.maj,
302,Jared Rhoden,25,2TM,SG,14,2,16.lut,3.0,06.lut,0.483,0.9,02.sie,0.308,02.sty,03.kwi,0.625,0.552,01.cze,01.sie,0.88,1.0,2.0,3.0,01.sty,0.7,0.1,0.6,01.kwi,08.kwi,
303,Jared Rhoden,25,CHO,SG,4,0,3.0,0.5,2.0,0.25,0.0,0.5,0.0,0.5,01.maj,0.333,0.25,0.0,0.0,,0.5,0.5,1.0,0.5,0.3,0.0,0.3,0.3,1.0,
304,Jared Rhoden,25,TOR,SG,10,2,21.maj,4.0,07.wrz,0.506,01.lut,03.lip,0.324,02.sie,04.lut,0.667,0.582,02.lut,02.maj,0.88,01.lut,02.cze,03.sie,01.kwi,0.9,0.2,0.8,01.wrz,11.kwi,
305,Jaylen Nowell,25,NOP,SG,8,0,21.0,03.mar,09.sty,0.356,1.0,03.kwi,0.296,02.mar,05.sie,0.391,0.411,0.9,01.kwi,0.636,0.8,01.sie,02.maj,02.mar,0.1,0.5,1.0,01.sty,08.kwi,
306,Cason Wallace,21,OKC,SG,68,43,27.cze,03.kwi,07.lut,0.474,01.sty,03.sty,0.356,02.mar,04.sty,0.562,0.55,0.4,0.5,0.811,1.0,02.mar,03.kwi,02.maj,01.sie,0.5,0.9,02.sty,08.kwi,
307,Bruce Brown,28,2TM,PG,41,12,22.maj,03.lut,07.maj,0.421,0.7,2.0,0.333,02.maj,05.cze,0.452,0.464,01.mar,01.cze,0.815,1.0,3.0,4.0,2.0,0.8,0.2,1.0,01.lip,08.mar,
308,Bruce Brown,28,TOR,PG,18,0,19.cze,03.lut,07.mar,0.435,0.6,2.0,0.306,02.cze,05.mar,0.484,0.477,01.kwi,01.cze,0.897,0.9,02.sie,03.sie,01.cze,0.9,0.2,01.sty,01.kwi,08.kwi,
309,Bruce Brown,28,NOP,PG,23,12,24.lip,03.lut,07.lip,0.41,0.7,2.0,0.356,02.maj,05.sie,0.429,0.455,01.lut,01.cze,0.75,1.0,03.lut,04.lut,02.kwi,0.7,0.3,0.9,2.0,08.lut,
310,Dalano Banton,25,POR,PG,67,7,16.lip,3.0,07.cze,0.391,01.sty,03.mar,0.324,01.wrz,04.mar,0.442,0.462,01.kwi,01.wrz,0.728,0.4,01.cze,2.0,02.kwi,0.6,0.5,01.mar,0.9,08.mar,
311,Brandon Clarke,28,MEM,PF,64,18,18.wrz,03.lip,05.wrz,0.621,0.0,0.3,0.059,03.lip,05.lip,0.647,0.622,1.0,01.kwi,0.701,2.0,03.sty,05.sty,1.0,0.8,0.6,0.6,02.mar,08.mar,
312,Keon Ellis,25,SAC,SG,80,28,24.kwi,02.sie,05.sie,0.489,01.lip,4.0,0.433,01.sty,01.sie,0.615,0.639,0.9,01.sty,0.849,0.8,01.wrz,02.lip,01.maj,01.maj,0.8,0.9,02.lut,08.mar,
313,Brandon Williams,25,DAL,PG,33,3,14.sie,3.0,05.lip,0.521,0.7,01.sie,0.4,02.lut,03.wrz,0.578,0.585,01.lip,2.0,0.833,0.4,01.kwi,01.sie,02.mar,0.7,0.2,01.lut,1.0,08.mar,
314,Mike Conley,37,MIN,PG,71,64,24.lip,02.cze,06.cze,0.4,01.sie,04.kwi,0.41,0.8,02.lut,0.38,0.535,01.sty,01.mar,0.9,0.5,02.sty,02.cze,04.maj,01.sty,0.2,01.sty,01.cze,08.lut,
315,Taurean Prince,30,MIL,SF,80,73,27.sty,02.wrz,06.kwi,0.457,01.sie,04.lut,0.439,01.sty,02.lut,0.492,0.6,0.5,0.6,0.813,0.4,03.lut,03.cze,01.wrz,1.0,0.2,1.0,02.sty,08.lut,
316,Jalen Smith,24,CHI,C,64,2,15.0,3.0,06.kwi,0.466,01.sty,03.maj,0.324,01.sie,02.wrz,0.634,0.554,01.sty,01.kwi,0.809,01.kwi,04.lut,05.cze,1.0,0.3,0.7,0.6,01.maj,08.lut,
317,Quinten Post,24,GSW,PF,42,14,16.mar,02.wrz,06.maj,0.449,01.lip,04.mar,0.408,01.lut,02.mar,0.526,0.582,0.5,0.6,0.778,0.8,02.lip,03.maj,01.mar,0.4,0.4,0.8,2.0,08.sty,
318,Peyton Watson,22,DEN,SF,68,18,24.kwi,3.0,06.mar,0.477,0.7,2.0,0.353,02.mar,04.mar,0.534,0.533,01.kwi,2.0,0.693,0.7,02.lip,03.kwi,01.kwi,0.7,01.kwi,0.8,01.sie,08.sty,
319,Davion Mitchell,26,2TM,PG,74,37,27.kwi,3.0,06.kwi,0.468,01.sty,02.wrz,0.398,01.wrz,03.cze,0.525,0.557,0.8,01.sty,0.69,0.5,01.sie,02.mar,04.wrz,1.0,0.2,01.lip,02.maj,07.wrz,
320,Davion Mitchell,26,TOR,PG,44,22,24.maj,02.kwi,05.maj,0.434,1.0,02.lip,0.359,01.maj,02.wrz,0.504,0.52,0.6,0.8,0.676,0.4,01.cze,01.wrz,04.cze,0.7,0.2,01.sie,02.cze,06.mar,
321,Davion Mitchell,26,MIA,PG,30,15,31.6,03.wrz,07.lip,0.504,01.kwi,03.sty,0.447,02.maj,04.cze,0.543,0.595,01.sty,01.cze,0.702,0.6,02.sty,02.lip,05.mar,01.kwi,0.3,01.lip,02.mar,10.mar,
322,Caleb Martin,29,2TM,SF,45,24,27.sty,02.wrz,06.sie,0.424,0.8,02.mar,0.359,2.0,04.maj,0.458,0.485,01.kwi,02.lut,0.622,01.lut,02.sie,03.wrz,02.sty,1.0,0.5,01.lut,01.wrz,07.wrz,
323,Caleb Martin,29,PHI,SF,31,24,30.kwi,03.mar,07.maj,0.435,01.sty,02.sie,0.379,02.lut,04.lip,0.469,0.506,01.maj,02.kwi,0.622,01.kwi,3.0,04.kwi,02.lut,01.sty,0.6,01.kwi,2.0,09.sty,
324,Caleb Martin,29,DAL,SF,14,0,19.cze,2.0,05.sty,0.389,0.3,01.sty,0.25,01.lip,4.0,0.429,0.417,01.sty,01.lip,0.625,0.7,02.lut,02.wrz,01.wrz,0.9,0.2,0.9,01.lip,05.kwi,
325,Tyson Etienne,25,BRK,PG,7,0,21.cze,02.kwi,07.kwi,0.327,01.wrz,06.mar,0.295,0.6,01.sty,0.5,0.452,01.sty,01.kwi,0.8,0.4,0.9,01.mar,01.lip,0.4,0.1,01.sty,02.kwi,07.wrz,
326,Day'Ron Sharpe,23,BRK,C,50,2,18.sty,03.mar,06.mar,0.521,0.2,0.9,0.244,03.sty,05.kwi,0.566,0.538,01.sty,01.maj,0.757,3.0,03.cze,06.cze,01.sie,0.8,0.8,01.mar,02.mar,07.wrz,
327,KJ Simpson,22,CHO,PG,36,15,23.kwi,02.wrz,08.kwi,0.346,0.9,03.cze,0.254,2.0,04.sie,0.415,0.4,01.sty,01.kwi,0.82,01.sty,01.wrz,3.0,03.sty,0.9,0.2,01.cze,01.cze,07.sie,
328,Terance Mann,28,2TM,SG,67,13,21.sty,03.sty,06.lut,0.496,0.9,02.kwi,0.368,02.lut,03.lip,0.58,0.569,0.7,1.0,0.691,1.0,2.0,3.0,01.sie,0.7,0.2,0.7,01.wrz,07.lip,
329,Terance Mann,28,LAC,SG,37,12,19.sie,02.kwi,05.mar,0.446,0.7,2.0,0.347,01.cze,03.lut,0.508,0.513,0.6,0.9,0.719,0.9,2.0,02.wrz,01.cze,0.8,0.3,0.7,01.sie,6.0,
330,Terance Mann,28,ATL,SG,30,1,22.lip,03.wrz,07.mar,0.541,01.sty,02.wrz,0.386,02.sie,04.mar,0.646,0.619,0.8,01.lut,0.667,01.lut,01.wrz,03.sty,02.sty,0.6,0.1,0.7,2.0,09.sie,
331,Karlo Matković,23,NOP,PF,42,7,18.sie,03.lut,05.cze,0.574,0.5,01.cze,0.318,02.lip,4.0,0.675,0.619,0.8,1.0,0.773,01.maj,03.maj,5.0,01.sty,0.5,1.0,1.0,02.maj,07.lip,
332,AJ Johnson,20,2TM,SG,29,11,22.0,02.sie,07.mar,0.385,0.8,03.sty,0.267,2.0,04.lut,0.472,0.441,01.sty,01.mar,0.865,0.3,01.sie,2.0,02.cze,0.4,0.1,01.lut,01.lip,07.cze,
333,AJ Johnson,20,MIL,SG,7,0,06.mar,01.sty,02.lip,0.421,0.4,0.7,0.6,0.7,2.0,0.357,0.5,0.1,0.3,0.5,0.0,1.0,1.0,1.0,0.1,0.0,0.6,0.0,02.wrz,
334,AJ Johnson,20,WAS,SG,22,11,27.0,03.kwi,08.sie,0.381,1.0,03.wrz,0.247,02.kwi,5.0,0.486,0.436,01.kwi,01.cze,0.886,0.4,2.0,02.kwi,03.sty,0.5,0.1,01.kwi,02.mar,09.sty,
335,Lonzo Ball,27,CHI,PG,35,14,22.lut,02.maj,06.wrz,0.366,01.wrz,05.cze,0.344,0.6,01.kwi,0.458,0.504,0.6,0.8,0.815,0.7,02.lip,03.kwi,03.mar,01.mar,0.5,01.lut,01.cze,07.cze,
336,Oscar Tshiebwe,25,UTA,C,14,1,18.lut,3.0,5.0,0.6,0.0,0.0,,3.0,5.0,0.6,0.6,01.cze,02.lut,0.742,03.mar,05.kwi,08.lip,0.6,0.9,0.1,0.7,01.lip,07.cze,
337,Garrison Mathews,28,ATL,SG,47,2,17.lip,02.lut,05.maj,0.397,01.sie,04.cze,0.39,0.4,0.8,0.436,0.562,01.kwi,01.lip,0.821,0.3,01.cze,01.wrz,01.mar,0.6,0.3,0.7,01.lip,07.maj,
338,Matisse Thybulle,27,POR,SG,15,5,20.sie,02.sie,05.wrz,0.477,01.kwi,03.lut,0.438,01.kwi,02.lip,0.525,0.597,0.5,1.0,0.467,0.9,02.maj,03.maj,01.wrz,02.lut,0.6,0.9,0.9,07.maj,
339,A.J. Green,25,MIL,SG,73,7,22.lip,02.maj,05.sie,0.429,02.sty,5.0,0.427,0.4,0.8,0.443,0.612,0.3,0.4,0.815,0.2,02.sty,02.kwi,01.maj,0.5,0.1,0.5,02.lut,07.kwi,
340,Josh Green,24,CHO,SG,68,67,27.sie,02.cze,06.lut,0.428,01.kwi,03.cze,0.391,01.lut,02.maj,0.48,0.543,0.7,01.sty,0.681,0.8,01.lip,02.maj,01.cze,01.sty,0.2,1.0,02.kwi,07.kwi,
341,Richaun Holmes,31,WAS,PF,31,7,17.lut,02.wrz,04.maj,0.647,0.0,0.1,0.0,02.wrz,04.kwi,0.662,0.647,01.cze,01.wrz,0.833,2.0,03.lip,05.lip,01.kwi,0.3,0.7,0.7,01.cze,07.kwi,
342,Damion Baugh,24,CHO,SG,15,2,24.lip,02.sie,08.lip,0.323,0.8,03.lip,0.214,2.0,04.wrz,0.405,0.369,0.9,1.0,0.867,0.9,02.kwi,03.mar,03.lip,1.0,0.1,02.sty,01.maj,07.mar,
343,Alec Burks,33,MIA,SG,49,14,17.cze,02.mar,05.maj,0.424,01.sie,04.lut,0.425,0.6,01.mar,0.422,0.587,0.8,1.0,0.776,0.3,02.lut,02.maj,01.sty,0.6,0.1,0.6,0.8,07.mar,
344,Ricky Council IV,23,PHI,SF,73,12,17.sty,02.kwi,06.mar,0.382,0.8,02.wrz,0.258,01.lip,03.kwi,0.488,0.442,01.lip,02.sty,0.804,0.7,02.lut,02.wrz,01.mar,0.4,0.2,0.7,0.9,07.mar,
345,Andre Drummond,31,PHI,C,40,23,18.sie,02.wrz,05.wrz,0.5,0.1,0.5,0.15,02.wrz,05.kwi,0.533,0.506,01.kwi,02.mar,0.622,02.lip,5.0,07.sie,0.9,1.0,0.5,01.kwi,02.kwi,07.mar,
346,Tre Jones,25,2TM,PG,46,9,19.lip,02.sie,05.lut,0.538,0.4,1.0,0.396,02.kwi,04.sty,0.574,0.578,01.lut,01.maj,0.821,0.7,01.sie,02.maj,04.lut,0.8,0.2,0.8,01.lut,07.lut,
347,Tre Jones,25,SAS,PG,28,0,16.sty,01.cze,03.mar,0.484,0.3,0.9,0.308,01.mar,02.kwi,0.552,0.527,0.9,01.lut,0.758,0.5,01.maj,02.sty,03.lip,0.6,0.2,0.8,01.lut,04.kwi,
348,Tre Jones,25,CHI,PG,18,9,25.mar,04.cze,08.sty,0.572,0.6,01.lut,0.5,4.0,06.sie,0.585,0.61,01.lip,01.wrz,0.882,0.9,02.mar,03.lut,04.wrz,01.sty,0.3,0.8,01.lut,11.maj,
349,Goga Bitadze,25,ORL,C,70,42,20.kwi,3.0,04.sie,0.611,0.0,0.4,0.107,02.wrz,04.kwi,0.656,0.615,01.lut,01.wrz,0.639,02.kwi,04.lut,06.cze,2.0,0.7,01.kwi,1.0,02.sty,07.lut,
350,Tristan Da Silva,23,ORL,SF,74,38,22.0,02.lip,06.maj,0.412,01.sty,03.lut,0.335,01.cze,03.mar,0.488,0.495,0.7,0.9,0.873,1.0,02.mar,03.mar,01.maj,0.4,0.2,0.8,01.mar,07.lut,
351,GG Jackson II,20,MEM,PF,29,3,15.sie,02.cze,06.wrz,0.372,01.sty,03.mar,0.337,01.kwi,03.cze,0.404,0.452,1.0,01.kwi,0.725,0.9,02.lut,03.lut,1.0,0.4,0.2,01.sty,1.0,07.lut,
352,Vit Krejci,24,ATL,PG,57,16,20.lut,02.maj,05.sty,0.497,01.cze,03.cze,0.437,1.0,01.maj,0.64,0.651,0.6,0.8,0.711,0.4,02.kwi,02.lip,02.cze,0.6,0.5,0.9,01.sie,07.lut,
353,Sam Merrill,28,CLE,SG,71,4,19.lip,02.kwi,6.0,0.406,01.wrz,05.lut,0.372,0.5,0.8,0.625,0.567,0.4,0.4,0.966,0.5,01.lip,02.lut,01.maj,0.7,0.2,0.5,01.lip,07.lut,
354,Daeqwon Plowden,26,ATL,SG,6,0,12.0,02.lip,04.lut,0.64,01.maj,02.sie,0.529,01.lut,01.mar,0.875,0.82,0.3,0.3,1.0,0.7,01.lut,01.sie,0.3,0.0,0.0,0.7,01.lip,07.lut,
355,Nae'Qwan Tomlin,24,CLE,PF,5,1,12.cze,02.cze,06.kwi,0.406,0.4,2.0,0.2,02.lut,04.kwi,0.5,0.438,01.cze,02.lut,0.727,01.sie,02.kwi,04.lut,0.4,0.0,0.2,0.4,01.sie,07.lut,
356,Josh Okogie,26,2TM,SG,40,7,15.cze,02.kwi,05.mar,0.443,0.8,02.mar,0.348,01.cze,3.0,0.517,0.519,01.cze,02.sty,0.741,01.sty,01.lip,02.sie,0.8,01.lut,0.5,0.8,01.lut,07.sty,
357,Josh Okogie,26,PHO,SG,25,1,14.0,02.lut,04.cze,0.491,0.6,01.lip,0.381,01.cze,02.wrz,0.556,0.561,0.9,01.mar,0.688,01.mar,01.cze,02.wrz,0.6,0.8,0.4,0.6,01.sty,6.0,
358,Josh Okogie,26,CHO,SG,15,6,18.mar,02.maj,06.maj,0.388,01.sty,03.mar,0.32,01.maj,03.lut,0.458,0.469,02.lip,03.maj,0.774,0.9,01.wrz,02.lip,01.mar,01.sie,0.5,1.0,01.mar,08.wrz,
359,Jalen Hood-Schifino,21,2TM,SG,15,0,21.0,02.maj,06.maj,0.378,0.9,03.sty,0.304,01.maj,03.maj,0.442,0.449,01.lut,01.kwi,0.857,0.2,01.cze,01.sie,02.maj,0.3,0.5,01.lut,01.lip,07.sty,
360,Jalen Hood-Schifino,21,LAL,SG,2,0,7.0,0.5,0.5,1.0,0.0,0.0,,0.5,0.5,1.0,1.0,1.0,1.0,1.0,0.5,0.0,0.5,0.5,0.0,0.5,0.5,01.maj,2.0,
361,Jalen Hood-Schifino,21,PHI,SG,13,0,23.lut,02.sie,07.maj,0.371,01.sty,03.maj,0.304,01.lip,03.wrz,0.431,0.443,01.lut,01.maj,0.842,0.2,01.sie,2.0,02.sie,0.4,0.5,01.mar,01.lip,07.sie,
362,Jamison Battle,23,TOR,SF,59,10,17.lip,02.maj,05.wrz,0.429,01.sie,04.kwi,0.405,0.7,01.maj,0.5,0.581,0.3,0.3,0.889,0.6,02.sty,02.lip,0.9,0.3,0.2,0.5,01.cze,07.sty,
363,Alex Caruso,30,OKC,SG,54,3,19.mar,02.cze,05.sie,0.446,01.sty,03.sty,0.353,01.maj,02.lip,0.556,0.541,0.8,0.9,0.824,0.7,02.lut,02.wrz,02.maj,01.cze,0.6,0.7,01.wrz,07.sty,6MOY-8
364,Jamal Shead,22,TOR,PG,75,11,19.cze,02.lip,06.lip,0.405,1.0,3.0,0.323,01.sie,03.lip,0.47,0.476,0.7,0.9,0.768,0.4,01.sty,01.maj,04.lut,0.8,0.1,01.cze,02.sty,07.sty,
365,Jeff Dowtin Jr.,27,PHI,PG,41,3,15.sty,02.lip,05.cze,0.487,0.7,01.lip,0.4,2.0,03.wrz,0.525,0.548,0.8,01.sty,0.733,0.3,01.lut,01.maj,01.wrz,0.6,0.3,0.4,0.7,7.0,
366,Marcus Garrett,26,CHO,SG,4,0,19.sie,02.sie,06.sie,0.407,0.8,2.0,0.375,2.0,04.sie,0.421,0.463,0.8,1.0,0.75,0.3,01.mar,01.maj,03.mar,0.8,0.5,01.maj,02.maj,7.0,
367,Isaiah Jackson,23,IND,C,5,1,16.sie,02.sie,04.cze,0.609,0.0,0.0,,02.sie,04.cze,0.609,0.609,01.kwi,02.sie,0.5,02.lut,03.kwi,05.cze,1.0,0.6,01.cze,1.0,02.sie,7.0,
368,Jaylen Sims,26,CHO,SG,6,0,18.lip,2.0,04.lip,0.429,1.0,02.maj,0.4,1.0,02.lut,0.462,0.536,2.0,02.maj,0.8,0.5,0.5,1.0,2.0,0.5,0.2,01.mar,01.lip,7.0,
369,Orlando Robinson,24,2TM,C,44,8,17.maj,02.cze,05.wrz,0.444,0.4,01.lut,0.327,02.mar,04.sie,0.474,0.477,01.lut,01.cze,0.771,2.0,3.0,5.0,01.sie,0.4,0.4,01.sty,02.mar,06.wrz,
370,Orlando Robinson,24,SAC,C,9,0,06.mar,0.8,01.wrz,0.412,0.1,0.6,0.2,0.7,01.mar,0.5,0.441,0.4,0.8,0.571,0.3,01.lut,01.cze,1.0,0.3,0.1,0.4,0.7,02.sty,
371,Orlando Robinson,24,TOR,C,35,8,20.kwi,03.sty,7.0,0.447,0.5,01.mar,0.34,02.lip,05.cze,0.472,0.48,01.kwi,01.sie,0.794,02.maj,03.kwi,05.wrz,01.wrz,0.4,0.4,01.mar,02.lip,08.sty,
372,Jake LaRavia,23,2TM,PF,66,0,20.kwi,02.kwi,05.sty,0.475,0.9,02.lut,0.423,01.maj,3.0,0.513,0.564,01.lut,01.lip,0.678,01.kwi,02.cze,03.wrz,02.kwi,0.9,0.3,01.mar,2.0,06.wrz,
373,Jake LaRavia,23,MEM,PF,47,0,20.wrz,02.maj,05.sty,0.49,0.9,01.wrz,0.444,01.lip,03.lut,0.517,0.573,01.kwi,2.0,0.698,01.kwi,02.wrz,04.kwi,02.sie,0.9,0.4,01.maj,2.0,07.mar,
374,Jake LaRavia,23,SAC,PF,19,0,19.mar,02.lut,05.sty,0.438,01.sty,02.lip,0.385,01.lut,02.mar,0.5,0.542,0.6,1.0,0.579,01.lut,01.cze,02.sie,01.mar,0.9,0.2,0.9,02.sty,06.sty,
375,Ryan Dunn,22,PHO,SF,74,44,19.sty,02.sie,06.kwi,0.43,01.sty,03.cze,0.311,01.lip,02.wrz,0.577,0.516,0.3,0.5,0.487,01.lut,02.kwi,03.cze,0.8,0.6,0.5,0.5,02.lut,06.wrz,
376,Jay Huff,26,MEM,C,64,2,11.lip,02.maj,04.sie,0.515,01.mar,03.sty,0.405,01.lut,01.cze,0.724,0.648,0.7,0.9,0.786,0.5,01.maj,2.0,0.6,0.3,0.9,0.5,01.lut,06.wrz,
377,Cameron Payne,30,NYK,PG,72,5,15.sty,02.maj,06.lut,0.401,01.mar,03.cze,0.363,01.lut,02.cze,0.453,0.506,0.7,0.8,0.907,0.2,01.mar,01.kwi,02.sie,0.5,0.2,0.7,01.maj,06.wrz,
378,Antonio Reeves,24,NOP,SG,44,6,15.0,02.cze,05.cze,0.456,01.lut,02.wrz,0.395,01.kwi,02.lip,0.521,0.558,0.6,0.8,0.8,0.4,1.0,01.kwi,0.9,0.5,0.1,0.7,0.9,06.wrz,
379,Cody Martin,29,2TM,SF,53,8,22.sty,02.cze,06.sty,0.418,0.8,02.sie,0.285,01.sie,03.mar,0.534,0.485,0.8,01.lut,0.705,1.0,03.lut,04.lut,2.0,01.sty,0.6,1.0,01.sie,06.sie,
380,Cody Martin,29,CHO,SF,39,8,24.sie,3.0,06.wrz,0.433,1.0,03.lut,0.323,01.wrz,03.lip,0.528,0.507,0.9,01.mar,0.694,1.0,03.maj,04.maj,02.mar,01.sty,0.7,01.sty,01.sie,07.sie,
381,Cody Martin,29,PHO,SF,14,0,14.lip,01.kwi,04.sty,0.351,0.2,01.wrz,0.111,01.lut,02.sty,0.567,0.377,0.6,0.9,0.75,0.9,02.maj,03.kwi,01.sty,0.9,0.4,0.6,01.cze,03.lip,
382,Bol Bol,25,PHO,PF,36,10,12.kwi,02.lip,05.sty,0.525,0.9,02.cze,0.344,01.sie,02.maj,0.711,0.612,0.6,0.7,0.769,0.6,02.mar,02.wrz,0.6,0.3,0.7,0.6,0.6,06.sie,
383,Eric Gordon,36,PHI,SG,39,13,19.lip,02.lut,05.lut,0.426,01.kwi,03.maj,0.409,0.8,01.lip,0.463,0.564,0.9,01.lut,0.75,0.2,1.0,01.lut,01.lip,0.7,0.3,0.7,0.8,06.sie,
384,Jaxson Hayes,24,LAL,C,56,35,19.maj,02.wrz,4.0,0.722,0.0,0.1,0.0,02.wrz,03.wrz,0.732,0.722,01.sty,01.sie,0.622,01.kwi,03.kwi,04.sie,1.0,0.6,0.9,0.8,02.kwi,06.sie,
385,Marcus Bagley,23,PHI,SF,10,4,25.mar,02.lip,06.wrz,0.391,0.5,03.lut,0.156,02.lut,03.lip,0.595,0.428,0.8,1.0,0.8,02.mar,04.lip,7.0,1.0,0.9,01.lut,0.7,01.cze,06.lip,
386,DaQuan Jeffries,27,CHO,SG,47,20,22.sie,02.maj,06.lut,0.405,01.lut,03.maj,0.335,01.mar,02.lip,0.496,0.5,0.5,0.6,0.8,0.8,02.sty,02.wrz,01.sty,0.6,0.5,0.7,02.sty,06.lip,
387,Lester Qui?ones,24,2TM,SG,13,0,14.sty,02.kwi,6.0,0.397,1.0,03.kwi,0.295,01.kwi,02.cze,0.529,0.481,0.8,1.0,0.846,0.3,01.lut,01.maj,01.sie,0.2,0.2,01.sty,01.kwi,06.cze,
388,Lester Qui?ones,24,PHI,SG,4,0,04.mar,1.0,2.0,0.5,0.0,0.8,0.0,1.0,01.mar,0.8,0.5,0.3,0.3,1.0,0.8,0.3,1.0,0.3,0.0,0.0,1.0,0.0,02.mar,
389,Lester Qui?ones,24,NOP,SG,9,0,18.kwi,3.0,07.sie,0.386,01.kwi,04.cze,0.317,01.cze,03.lut,0.483,0.479,01.sty,01.mar,0.833,0.1,01.cze,01.lip,02.cze,0.3,0.2,01.sty,2.0,08.cze,
390,Vasilije Micić,31,2TM,PG,41,16,19.sty,02.mar,06.lip,0.348,01.sty,3.0,0.36,01.lut,03.cze,0.338,0.43,0.8,1.0,0.829,0.5,01.lip,02.lut,03.sty,0.4,0.0,01.wrz,01.sty,06.cze,
391,Vasilije Micić,31,CHO,PG,36,16,21.lut,02.cze,07.cze,0.348,01.mar,03.maj,0.36,01.kwi,04.sty,0.338,0.43,0.9,01.sty,0.829,0.6,01.wrz,02.kwi,03.maj,0.4,0.0,02.sty,01.lut,07.maj,
392,Vasilije Micić,31,PHO,PG,5,0,04.lut,0.0,0.0,,0.0,0.0,,0.0,0.0,,,0.0,0.0,,0.0,0.4,0.4,0.2,0.0,0.0,0.6,0.2,0.0,
393,Precious Achiuwa,25,NYK,C,57,10,20.maj,02.wrz,05.lip,0.502,0.2,0.6,0.278,02.lip,05.sty,0.529,0.517,0.7,01.lut,0.594,01.sie,03.sie,05.cze,1.0,0.8,0.7,0.8,01.kwi,06.cze,
394,Trayce Jackson-Davis,24,GSW,C,62,37,15.cze,02.sie,04.wrz,0.576,0.0,0.0,0.0,02.sie,04.sie,0.582,0.576,1.0,01.cze,0.578,2.0,3.0,5.0,01.lip,0.4,0.6,0.7,01.lut,06.cze,
395,Marcus Sasser,24,DET,PG,57,1,14.lut,02.kwi,05.lut,0.463,1.0,02.lip,0.382,01.kwi,02.maj,0.549,0.561,0.8,0.9,0.843,0.3,0.9,01.lut,02.mar,0.6,0.1,0.9,01.mar,06.cze,
396,Vince Williams Jr.,24,MEM,SG,27,5,18.maj,02.maj,06.lut,0.401,1.0,03.maj,0.274,01.maj,02.lip,0.569,0.479,0.7,0.9,0.792,0.8,02.sie,03.cze,2.0,0.4,0.3,01.lut,01.lip,06.cze,
397,Thomas Bryant,27,2TM,C,66,8,14.cze,02.maj,04.wrz,0.508,0.7,02.lut,0.324,01.lip,02.cze,0.665,0.583,0.8,1.0,0.859,01.mar,02.maj,03.sie,0.8,0.4,0.6,0.5,01.lut,06.maj,
398,Thomas Bryant,27,MIA,C,10,0,11.maj,01.lut,02.sie,0.429,0.6,01.lip,0.353,0.6,01.sty,0.545,0.536,01.sty,01.sty,1.0,0.6,02.cze,03.lut,0.4,0.1,0.9,0.2,0.9,04.sty,
399,Thomas Bryant,27,IND,C,56,8,15.sty,02.lip,05.lut,0.515,0.8,02.mar,0.321,01.wrz,02.wrz,0.673,0.587,0.8,0.9,0.83,01.kwi,02.maj,03.wrz,0.9,0.5,0.6,0.5,01.lut,06.wrz,
400,Donovan Clingan,20,POR,C,67,37,19.sie,02.lip,5.0,0.539,0.2,0.7,0.286,02.maj,04.mar,0.582,0.56,0.9,01.cze,0.596,03.lut,04.cze,07.wrz,01.sty,0.5,01.cze,01.sty,02.sie,06.maj,
401,Seth Curry,34,CHO,SG,68,14,15.cze,02.kwi,5.0,0.478,01.lut,02.lip,0.456,01.lut,02.kwi,0.503,0.599,0.5,0.6,0.846,0.4,01.mar,01.lip,0.9,0.4,0.1,0.5,0.9,06.maj,
402,Haywood Highsmith,28,MIA,SF,74,42,24.cze,02.kwi,05.mar,0.458,01.lut,03.sty,0.382,01.lut,02.sty,0.57,0.572,0.4,0.6,0.721,1.0,02.kwi,03.kwi,01.maj,0.9,0.5,0.7,02.lut,06.maj,
403,Talen Horton-Tucker,24,CHI,SG,58,0,12.maj,02.mar,5.0,0.457,0.7,02.sty,0.336,01.cze,02.wrz,0.544,0.527,01.lut,01.lip,0.735,0.3,01.kwi,01.lip,01.kwi,0.4,0.2,0.7,1.0,06.maj,
404,Trey Lyles,29,SAC,PF,69,5,19.cze,02.mar,05.kwi,0.42,01.lut,03.kwi,0.34,01.sty,2.0,0.559,0.528,0.8,01.lut,0.7,01.lut,03.kwi,04.cze,01.lut,0.6,0.3,0.6,01.lut,06.maj,
405,Ajay Mitchell,22,OKC,SG,36,1,16.cze,02.maj,05.sty,0.495,0.6,01.lip,0.383,01.wrz,03.kwi,0.548,0.557,0.8,1.0,0.829,0.5,01.kwi,01.wrz,01.sie,0.7,0.1,0.8,01.wrz,06.maj,
406,Gary Payton II,32,GSW,SG,62,11,15.0,02.sie,04.sie,0.574,0.5,01.maj,0.326,02.mar,03.mar,0.69,0.626,0.4,0.6,0.711,0.9,02.sty,3.0,01.mar,0.8,0.3,0.6,01.lip,06.maj,
407,Zach Collins,27,2TM,PF,64,12,15.mar,02.kwi,04.lip,0.507,0.5,01.lip,0.302,01.wrz,03.sty,0.617,0.56,01.sty,01.lut,0.885,01.cze,02.wrz,04.maj,01.lip,0.5,0.5,0.9,02.sty,06.kwi,
408,Zach Collins,27,SAS,C,36,4,11.sie,01.lip,03.lip,0.462,0.4,01.mar,0.304,01.mar,02.kwi,0.547,0.515,0.9,1.0,0.886,01.sty,01.sie,02.sie,01.kwi,0.4,0.4,0.6,01.wrz,04.cze,
409,Zach Collins,27,CHI,PF,28,8,19.lip,03.mar,06.sty,0.541,0.6,02.sty,0.3,02.cze,03.wrz,0.673,0.594,01.kwi,01.maj,0.884,02.mar,04.kwi,06.lip,02.sty,0.5,0.5,01.mar,02.lut,08.cze,
410,Kris Dunn,30,LAC,PG,74,58,24.sty,02.cze,05.wrz,0.439,1.0,3.0,0.335,01.cze,02.wrz,0.549,0.525,0.2,0.3,0.682,0.7,02.lip,03.kwi,02.sie,01.lip,0.4,1.0,02.lip,06.kwi,
411,Ron Holland,19,DET,SF,81,2,15.cze,02.kwi,05.sty,0.474,0.4,01.wrz,0.238,2.0,03.mar,0.608,0.517,01.sty,01.maj,0.754,0.5,02.lut,02.lip,1.0,0.6,0.2,0.9,01.lip,06.kwi,
412,KJ Martin,24,2TM,PF,43,16,21.lut,02.cze,04.lip,0.552,0.3,01.mar,0.259,02.lut,03.mar,0.671,0.59,0.9,01.sty,0.787,0.7,02.lut,02.wrz,01.sty,0.4,0.5,0.6,02.mar,06.kwi,
413,KJ Martin,24,PHI,PF,24,7,20.0,02.maj,04.sty,0.616,0.3,0.9,0.381,02.lut,03.mar,0.679,0.657,1.0,01.lut,0.828,0.9,02.sty,3.0,0.8,0.5,0.7,0.5,02.cze,06.kwi,
414,KJ Martin,24,UTA,SF,19,9,22.lip,02.cze,05.kwi,0.49,0.4,01.wrz,0.189,02.mar,03.kwi,0.662,0.525,0.7,0.9,0.722,0.5,02.mar,02.sie,01.maj,0.3,0.3,0.6,02.sty,06.mar,
415,Gabe Vincent,28,LAL,PG,72,11,21.lut,02.mar,05.sie,0.4,01.maj,04.mar,0.353,0.8,01.maj,0.532,0.53,0.2,0.3,0.714,0.3,1.0,01.mar,01.kwi,0.7,0.2,0.6,02.sty,06.kwi,
416,Sandro Mamukelashvili,25,SAS,PF,61,0,11.lut,02.mar,04.cze,0.502,1.0,02.cze,0.373,01.mar,2.0,0.675,0.609,0.7,1.0,0.741,1.0,2.0,03.sty,0.8,0.4,0.3,0.4,1.0,06.mar,
417,Jeremiah Robinson-Earl,24,NOP,PF,66,9,18.sie,02.kwi,05.mar,0.455,0.8,02.maj,0.341,01.maj,02.sie,0.557,0.536,0.7,0.8,0.836,01.lip,03.sty,04.sie,01.mar,0.6,0.1,0.8,01.lut,06.mar,
418,Kenrich Williams,30,OKC,PF,69,7,16.kwi,02.maj,05.sty,0.483,1.0,02.maj,0.386,01.maj,02.lip,0.574,0.576,0.4,0.6,0.718,0.9,02.cze,03.maj,01.kwi,0.6,0.1,0.6,01.cze,06.mar,
419,Bones Hyland,24,2TM,PG,24,0,10.0,2.0,04.wrz,0.398,01.mar,03.kwi,0.39,0.6,01.maj,0.417,0.534,1.0,01.sty,0.885,0.2,0.8,1.0,01.mar,0.8,0.2,1.0,01.lut,06.lut,
420,Bones Hyland,24,LAC,PG,20,0,11.sty,02.mar,05.sie,0.391,01.cze,4.0,0.388,0.7,01.sie,0.4,0.526,01.lut,01.mar,0.885,0.3,1.0,01.lut,01.kwi,0.9,0.2,01.lut,01.mar,07.lut,
421,Bones Hyland,24,MIN,PG,4,0,04.mar,0.5,0.8,0.667,0.3,0.5,0.5,0.3,0.3,1.0,0.833,0.0,0.0,,0.0,0.3,0.3,1.0,0.0,0.0,0.3,0.8,01.mar,
422,Jonathan Mogbo,23,TOR,PF,63,18,20.kwi,02.maj,05.lip,0.438,0.3,01.sty,0.243,02.lut,04.maj,0.486,0.462,1.0,01.mar,0.732,01.lip,03.lut,04.wrz,02.mar,0.9,0.5,01.sty,02.lut,06.lut,
423,Ryan Rollins,22,MIL,PG,56,19,14.cze,02.kwi,04.sie,0.487,0.9,02.sty,0.408,01.maj,02.lip,0.55,0.577,0.6,0.8,0.8,0.4,01.cze,01.wrz,01.wrz,0.8,0.3,0.9,01.cze,06.lut,
424,Dru Smith,27,MIA,SG,14,1,19.sty,02.lut,04.kwi,0.508,01.sty,02.sty,0.533,01.sty,02.lut,0.484,0.639,0.6,0.9,0.75,0.9,01.lip,02.cze,01.cze,01.maj,0.4,01.lut,02.sty,06.lut,
425,Isaac Okoro,24,CLE,SG,55,22,19.sty,02.mar,04.wrz,0.464,1.0,02.lip,0.371,01.lut,02.sty,0.586,0.569,0.6,0.8,0.717,0.9,01.maj,02.kwi,01.lut,0.6,0.3,0.4,01.wrz,06.sty,
426,Jarace Walker,21,IND,PF,75,5,15.sie,02.mar,04.sie,0.472,1.0,02.maj,0.405,01.mar,02.mar,0.543,0.576,0.6,0.9,0.667,0.3,02.lip,03.sty,01.maj,0.7,0.3,1.0,01.maj,06.sty,
427,N'Faly Dante,23,HOU,C,4,0,12.sie,02.maj,03.mar,0.769,0.0,0.0,,02.maj,03.mar,0.769,0.769,1.0,01.mar,0.8,01.maj,03.sie,05.mar,0.5,0.3,01.mar,0.5,02.mar,6.0,
428,Mouhamed Gueye,22,ATL,PF,33,28,16.lut,02.lut,05.lut,0.421,0.6,02.maj,0.259,01.maj,02.lip,0.567,0.482,1.0,01.mar,0.762,01.mar,02.wrz,04.lut,0.8,0.8,1.0,0.5,01.lip,6.0,
429,Luke Kornet,29,BOS,C,73,16,18.cze,02.cze,03.sie,0.668,0.0,0.0,0.0,02.cze,03.sie,0.675,0.668,0.9,01.mar,0.691,02.cze,02.lip,05.mar,01.cze,0.5,1.0,0.4,01.cze,6.0,
430,Isaiah Mobley,25,PHI,PF,1,0,17.0,2.0,7.0,0.286,1.0,3.0,0.333,1.0,4.0,0.25,0.357,1.0,2.0,0.5,1.0,3.0,4.0,5.0,1.0,1.0,0.0,3.0,6.0,
431,Isaiah Stewart,23,DET,C,72,4,19.wrz,02.kwi,04.kwi,0.559,0.2,0.7,0.321,02.lut,03.cze,0.607,0.586,0.9,01.lut,0.759,01.sie,03.lip,05.maj,01.lip,0.4,01.kwi,0.9,02.maj,6.0,
432,James Wiseman,23,IND,C,1,0,5.0,2.0,4.0,0.5,0.0,1.0,0.0,2.0,3.0,0.667,0.5,2.0,2.0,1.0,0.0,1.0,1.0,0.0,0.0,0.0,0.0,0.0,6.0,
433,Isaiah Wong,24,CHO,SG,20,0,13.mar,02.sty,05.mar,0.39,0.7,01.lip,0.394,01.kwi,03.cze,0.389,0.452,01.mar,01.lip,0.735,0.7,0.9,01.cze,01.kwi,0.6,0.0,0.9,01.sty,6.0,
434,Cole Swider,25,2TM,SF,10,0,16.wrz,02.lut,06.mar,0.349,01.maj,04.lip,0.319,0.7,01.cze,0.438,0.468,0.0,0.1,0.0,0.5,02.lut,02.lip,0.3,0.4,0.2,0.4,01.lut,05.wrz,
435,Cole Swider,25,DET,SF,2,0,06.maj,0.0,02.maj,0.0,0.0,02.maj,0.0,0.0,0.0,,0.0,0.0,0.0,,0.0,1.0,1.0,0.5,0.0,0.0,0.0,0.5,0.0,
436,Cole Swider,25,TOR,SF,8,0,19.maj,02.sie,07.mar,0.379,01.wrz,05.mar,0.357,0.9,2.0,0.438,0.509,0.0,0.1,0.0,0.6,02.maj,03.sty,0.3,0.5,0.3,0.5,01.kwi,07.kwi,
437,Chuma Okeke,26,2TM,PF,9,3,21.sie,02.lut,04.kwi,0.5,01.lut,03.sty,0.393,1.0,01.mar,0.75,0.638,0.2,0.3,0.667,02.mar,02.wrz,05.lut,01.lip,0.6,0.4,0.3,0.6,05.wrz,
438,Chuma Okeke,26,PHI,PF,7,3,24.kwi,02.cze,04.lip,0.545,01.kwi,03.sty,0.455,01.sty,01.cze,0.727,0.697,0.3,0.4,0.667,02.wrz,03.mar,06.sty,01.wrz,0.7,0.4,0.4,0.7,06.wrz,
439,Chuma Okeke,26,CLE,PF,2,0,12.maj,1.0,03.maj,0.286,0.5,3.0,0.167,0.5,0.5,1.0,0.357,0.0,0.0,,0.5,01.maj,2.0,1.0,0.0,0.5,0.0,0.0,02.maj,
440,Kyle Anderson,31,2TM,PF,61,4,16.kwi,02.mar,5.0,0.469,0.4,01.sty,0.357,01.wrz,03.sie,0.502,0.51,0.8,01.sty,0.738,0.9,02.maj,03.kwi,02.kwi,0.7,0.5,0.6,01.mar,05.wrz,
441,Kyle Anderson,31,GSW,PF,36,3,15.0,02.sty,04.lip,0.45,0.5,01.kwi,0.365,01.cze,03.mar,0.487,0.506,0.5,0.8,0.667,0.8,02.mar,03.sty,02.mar,0.7,0.6,0.6,01.sty,05.mar,
442,Kyle Anderson,31,MIA,SF,25,1,18.kwi,02.cze,05.kwi,0.493,0.2,0.7,0.333,02.kwi,04.cze,0.517,0.515,01.lut,01.maj,0.789,1.0,02.sie,03.sie,02.cze,0.6,0.5,0.7,01.cze,06.lip,
443,Simone Fontecchio,29,DET,SF,75,0,16.maj,2.0,5.0,0.402,1.0,3.0,0.335,1.0,01.wrz,0.507,0.504,0.9,01.sty,0.833,0.7,02.lut,02.wrz,0.9,0.4,0.2,0.7,01.mar,05.wrz,
444,Collin Gillespie,25,PHO,PG,33,9,14.0,02.sty,04.sie,0.43,01.lut,02.lip,0.433,0.9,02.sty,0.426,0.554,0.6,0.7,0.864,0.7,01.lip,02.kwi,02.kwi,0.6,0.2,0.5,0.9,05.wrz,
445,Tidjane Salaün,19,CHO,PF,60,10,20.lip,01.wrz,05.sie,0.33,1.0,03.kwi,0.283,0.9,02.mar,0.4,0.414,01.sty,01.cze,0.713,01.lut,03.maj,04.lip,01.lut,0.5,0.2,1.0,01.kwi,05.wrz,
446,Jaylin Williams,22,OKC,PF,47,9,16.lip,02.sty,04.lip,0.439,01.mar,03.mar,0.399,0.8,01.kwi,0.529,0.577,0.5,0.6,0.767,1.0,04.cze,05.cze,02.cze,0.5,0.6,0.7,01.lip,05.wrz,
447,Moses Brown,25,2TM,C,13,2,09.lut,02.cze,03.sie,0.694,0.0,0.0,,02.cze,03.sie,0.694,0.694,0.6,0.8,0.727,0.9,02.maj,03.kwi,0.2,0.5,0.3,0.8,01.mar,05.sie,
448,Moses Brown,25,IND,C,9,0,05.sty,01.kwi,02.lut,0.65,0.0,0.0,,01.kwi,02.lut,0.65,0.65,0.3,0.6,0.6,0.4,1.0,01.kwi,0.0,0.2,0.1,0.7,0.7,03.lut,
449,Moses Brown,25,DAL,C,4,2,18.mar,05.mar,07.mar,0.724,0.0,0.0,,05.mar,07.mar,0.724,0.724,01.mar,01.maj,0.833,2.0,05.sie,07.sie,0.5,1.0,0.8,01.mar,02.sie,11.sie,
450,Adem Bona,21,PHI,C,58,11,15.cze,02.mar,03.mar,0.703,0.0,0.0,0.0,02.mar,03.mar,0.707,0.703,01.lut,01.lip,0.67,01.cze,02.cze,04.lut,0.5,0.4,01.lut,01.sty,02.lut,05.sie,
451,Quenton Jackson,26,IND,PG,28,7,13.cze,02.sty,04.kwi,0.475,0.5,01.kwi,0.375,01.maj,02.wrz,0.524,0.537,01.sty,01.kwi,0.775,0.5,01.sty,01.cze,01.wrz,0.8,0.2,0.6,01.maj,05.sie,
452,Robert Williams,27,POR,C,20,3,17.cze,02.maj,03.wrz,0.641,0.1,0.2,0.333,02.maj,03.sie,0.653,0.647,0.8,0.9,0.882,01.sie,04.lut,05.wrz,01.sty,0.7,01.lip,0.9,01.cze,05.sie,
453,Moussa Diabaté,23,CHO,C,71,8,17.maj,02.kwi,03.wrz,0.596,0.0,0.1,0.0,02.kwi,03.wrz,0.609,0.596,1.0,01.cze,0.595,02.cze,03.maj,06.lut,0.8,0.6,0.6,0.9,01.maj,05.lip,
454,Dariq Whitehead,20,BRK,SF,20,0,12.mar,2.0,04.sie,0.406,01.lip,03.lip,0.446,0.3,01.sty,0.273,0.578,0.2,0.3,0.6,0.2,01.mar,01.maj,0.6,0.3,0.1,0.8,01.sty,05.lip,
455,Landry Shamet,27,NYK,SG,50,0,15.lut,02.sty,04.cze,0.461,01.lut,03.sty,0.397,0.9,01.maj,0.595,0.596,0.2,0.4,0.667,0.2,1.0,01.lut,0.5,0.5,0.0,0.4,1.0,05.lip,
456,Jordan Goodwin,26,LAL,PG,29,5,18.lip,02.lut,5.0,0.438,0.9,02.mar,0.382,01.mar,02.cze,0.487,0.528,0.3,0.4,0.818,01.mar,02.cze,03.wrz,01.kwi,1.0,0.4,0.9,01.maj,05.cze,
457,Shake Milton,28,2TM,SG,57,2,14.lip,2.0,04.maj,0.453,0.7,01.wrz,0.358,01.kwi,02.cze,0.52,0.528,0.8,1.0,0.797,0.5,01.mar,01.sie,01.sie,0.4,0.1,0.7,01.lut,05.maj,
458,Shake Milton,28,BRK,SG,27,1,18.lut,02.lip,05.sie,0.465,1.0,02.lip,0.389,01.lip,03.sty,0.529,0.554,0.9,01.lut,0.758,0.6,01.mar,01.wrz,02.kwi,0.6,0.0,0.7,01.cze,07.kwi,
459,Shake Milton,28,LAL,SG,30,1,11.maj,01.kwi,03.lut,0.433,0.3,01.sty,0.294,01.sty,02.sty,0.508,0.485,0.7,0.9,0.846,0.5,01.mar,01.sie,01.mar,0.3,0.1,0.7,0.8,03.wrz,
460,Aaron Holiday,28,HOU,PG,62,3,12.sie,01.wrz,04.mar,0.437,01.lut,02.wrz,0.398,0.7,01.kwi,0.517,0.571,0.5,0.7,0.829,0.2,1.0,01.mar,01.mar,0.3,0.2,0.6,1.0,05.maj,
461,Jeff Green,38,HOU,PF,32,3,12.kwi,01.wrz,03.sie,0.504,0.9,02.maj,0.367,1.0,01.mar,0.762,0.624,0.7,0.8,0.808,0.3,01.maj,01.sie,0.6,0.2,0.1,0.3,1.0,05.kwi,
462,Jonathan Isaac,27,ORL,PF,71,1,15.kwi,01.wrz,04.cze,0.414,0.5,02.sty,0.258,01.mar,02.kwi,0.549,0.474,1.0,01.maj,0.682,01.lip,02.lip,04.kwi,0.6,0.9,01.sty,0.5,01.mar,05.kwi,
463,Dean Wade,28,CLE,PF,59,30,21.lut,01.wrz,04.cze,0.413,01.kwi,03.sie,0.36,0.5,0.8,0.653,0.561,0.3,0.5,0.533,0.9,03.kwi,04.lut,01.mar,0.7,0.3,0.4,01.lip,05.kwi,
464,Keaton Wallace,25,ATL,PG,31,5,16.lut,02.sty,05.lut,0.401,0.9,02.cze,0.329,01.lut,02.cze,0.475,0.485,0.4,0.4,1.0,0.2,01.kwi,01.cze,02.cze,0.9,0.3,01.sty,01.mar,05.kwi,
465,Kobe Bufkin,21,ATL,SG,10,0,12.kwi,01.sie,04.lip,0.383,0.4,01.wrz,0.211,01.kwi,02.sie,0.5,0.426,01.mar,01.sie,0.722,0.5,01.cze,02.sty,01.lip,0.3,0.2,0.8,0.9,05.mar,
466,Jamal Cain,25,NOP,SF,37,0,13.cze,01.sie,04.mar,0.43,0.7,02.lut,0.325,01.sty,02.sty,0.538,0.513,0.9,01.kwi,0.68,0.7,01.cze,02.mar,0.6,0.6,0.2,0.6,01.lut,05.mar,
467,Pat Connaughton,32,MIL,SG,41,1,14.lip,2.0,04.mar,0.469,0.6,2.0,0.321,01.kwi,02.mar,0.594,0.542,0.6,0.8,0.774,0.5,02.lut,02.lip,01.lip,0.2,0.3,0.6,01.sty,05.mar,
468,Kevin Love,36,MIA,PF,23,9,10.wrz,01.sie,5.0,0.357,1.0,02.wrz,0.358,0.7,02.sty,0.354,0.461,0.7,1.0,0.696,1.0,03.sty,04.sty,1.0,0.7,0.2,0.6,0.9,05.mar,
469,Ben Sheppard,23,IND,SG,63,9,19.maj,01.wrz,04.cze,0.418,01.sty,03.lut,0.342,0.8,01.kwi,0.591,0.537,0.4,0.4,0.889,0.7,02.sty,02.sie,01.mar,0.6,0.2,0.3,2.0,05.mar,
470,Monte Morris,29,PHO,PG,45,0,12.lip,01.sie,04.mar,0.426,0.7,01.wrz,0.36,01.lut,02.kwi,0.477,0.505,0.8,0.9,0.857,0.3,01.lut,01.maj,01.cze,0.4,0.1,0.5,0.5,05.lut,
471,Jabari Walker,22,POR,SF,60,1,12.maj,2.0,03.sie,0.515,0.5,01.lut,0.389,01.maj,02.cze,0.573,0.576,0.8,01.lut,0.69,1.0,02.maj,03.maj,0.6,0.6,0.1,0.6,01.maj,05.lut,
472,Javonte Green,31,2TM,SG,68,19,18.maj,01.sie,04.lut,0.429,0.7,02.sty,0.326,01.sty,02.sty,0.527,0.509,0.8,01.sty,0.724,0.9,02.mar,03.lut,0.8,1.0,0.5,0.5,01.kwi,05.sty,
473,Javonte Green,31,NOP,SG,50,18,21.sie,2.0,04.maj,0.446,0.8,02.lut,0.352,01.lut,02.mar,0.534,0.531,1.0,01.mar,0.758,1.0,02.cze,03.cze,0.9,01.sty,0.6,0.6,01.maj,05.sie,
474,Javonte Green,31,CLE,SG,18,1,09.lut,01.mar,03.maj,0.365,0.4,01.sie,0.242,0.8,01.lip,0.5,0.429,0.3,0.6,0.5,0.6,01.lip,02.lut,0.6,0.6,0.1,0.2,01.lut,03.mar,
475,Alex Reese,25,2TM,PF,15,0,14.kwi,01.lip,03.cze,0.481,1.0,02.lip,0.366,0.7,0.9,0.846,0.62,0.6,0.8,0.75,0.6,02.maj,03.sty,0.3,0.7,0.7,0.4,01.kwi,05.sty,
476,Alex Reese,25,OKC,PF,1,0,2.0,1.0,1.0,1.0,0.0,0.0,,1.0,1.0,1.0,1.0,0.0,0.0,,1.0,0.0,1.0,0.0,0.0,0.0,0.0,0.0,2.0,
477,Alex Reese,25,PHI,PF,14,0,15.mar,01.sie,03.sie,0.472,01.sty,02.wrz,0.366,0.7,0.9,0.833,0.613,0.6,0.9,0.75,0.6,02.lip,03.mar,0.3,0.7,0.7,0.4,01.maj,05.mar,
478,Bismack Biyombo,32,SAS,C,28,26,18.wrz,02.kwi,04.sty,0.588,0.0,0.0,,02.kwi,04.sty,0.588,0.588,0.4,0.9,0.4,01.maj,04.sty,05.cze,01.sty,0.6,0.8,1.0,01.wrz,05.sty,
479,Mitchell Robinson,26,NYK,C,17,3,17.sty,02.lut,03.mar,0.661,0.0,0.0,,02.lut,03.mar,0.661,0.661,0.8,01.sty,0.684,03.sty,02.wrz,05.wrz,0.8,0.9,01.sty,0.6,01.maj,05.sty,
480,Kai Jones,24,2TM,C,40,6,11.lip,02.lut,02.lip,0.798,0.0,0.1,0.2,02.lut,02.cze,0.827,0.803,0.6,0.8,0.719,1.0,02.sty,03.sty,0.6,0.4,0.6,0.5,01.mar,5.0,
481,Kai Jones,24,LAC,C,28,0,07.kwi,0.9,01.mar,0.722,0.0,0.1,0.0,0.9,01.lut,0.765,0.722,0.3,0.4,0.75,0.5,01.sty,01.cze,0.4,0.2,0.5,0.4,0.8,02.lut,
482,Kai Jones,24,DAL,C,12,6,21.lip,05.sty,06.sty,0.836,0.1,0.3,0.333,5.0,05.sie,0.857,0.842,01.lut,01.lip,0.7,02.sty,04.maj,06.cze,01.mar,0.8,0.8,0.7,02.mar,11.kwi,
483,Ben Simmons,28,2TM,PG,51,24,22.0,02.mar,04.kwi,0.52,0.0,0.0,,02.mar,04.kwi,0.52,0.52,0.5,0.6,0.727,0.9,03.sie,04.lip,05.cze,0.7,0.5,2.0,02.sty,5.0,
484,Ben Simmons,28,BRK,PG,33,24,25.0,02.sie,05.lut,0.547,0.0,0.0,,02.sie,05.lut,0.547,0.547,0.5,0.8,0.692,0.9,04.mar,05.lut,06.wrz,0.8,0.5,02.lip,02.maj,06.lut,
485,Ben Simmons,28,LAC,PG,18,0,16.kwi,01.mar,02.wrz,0.434,0.0,0.0,,01.mar,02.wrz,0.434,0.434,0.3,0.4,0.857,0.9,02.wrz,03.sie,03.sty,0.7,0.4,0.8,01.kwi,02.wrz,
486,Malaki Branham,21,SAS,SG,47,0,09.sty,01.wrz,4.0,0.458,0.7,01.sie,0.405,01.sty,02.mar,0.5,0.547,0.6,0.7,0.818,0.1,0.9,01.sty,0.8,0.2,0.0,0.7,0.6,5.0,
487,Neemias Queta,25,BOS,C,62,6,13.wrz,02.sty,03.mar,0.65,0.0,0.0,0.0,02.sty,03.lut,0.66,0.65,0.7,1.0,0.754,01.kwi,02.kwi,03.sie,0.7,0.3,0.7,0.6,01.lip,5.0,
488,Alondes Williams,25,DET,SG,1,0,4.0,2.0,2.0,1.0,1.0,1.0,1.0,1.0,1.0,1.0,1.25,0.0,0.0,,0.0,0.0,0.0,1.0,0.0,0.0,0.0,0.0,5.0,
489,Jaylen Martin,21,2TM,SF,16,0,14.wrz,01.wrz,04.cze,0.419,0.4,01.kwi,0.304,01.maj,03.lut,0.471,0.466,0.6,0.6,0.9,0.7,02.sty,02.sie,01.sty,0.6,0.0,0.8,0.9,04.wrz,
490,Jaylen Martin,21,BRK,SF,3,0,01.lip,0.3,0.7,0.5,0.3,0.3,1.0,0.0,0.3,0.0,0.75,0.0,0.0,,0.0,0.0,0.0,0.0,0.0,0.0,0.0,0.3,1.0,
491,Jaylen Martin,21,WAS,SF,13,0,18.0,02.mar,05.maj,0.417,0.5,01.lip,0.273,01.sie,03.sie,0.48,0.458,0.7,0.8,0.9,0.8,02.maj,03.kwi,01.mar,0.7,0.0,0.9,1.0,05.sie,
492,Lindy Waters III,27,2TM,SG,52,9,15.0,01.sie,04.sie,0.369,01.lut,03.cze,0.344,0.5,01.lut,0.444,0.498,0.2,0.2,0.727,0.4,01.lip,02.sty,1.0,0.5,0.2,0.4,01.lut,04.wrz,
493,Lindy Waters III,27,GSW,SG,38,9,17.lut,2.0,05.kwi,0.371,01.mar,03.wrz,0.331,0.7,01.maj,0.474,0.49,0.2,0.3,0.727,0.4,02.sty,02.maj,01.sty,0.6,0.3,0.4,01.kwi,05.maj,
494,Lindy Waters III,27,DET,SG,14,0,08.sie,01.sty,03.sty,0.364,01.sty,02.lip,0.395,0.1,0.4,0.167,0.534,0.0,0.0,,0.3,0.7,1.0,0.7,0.4,0.1,0.2,0.5,03.kwi,
495,Trevelin Queen,27,ORL,SG,31,2,13.wrz,01.sie,04.lip,0.381,0.7,02.maj,0.286,01.sty,02.mar,0.486,0.456,0.6,0.7,0.857,0.8,0.9,01.lip,01.lut,1.0,0.3,0.7,01.lut,04.wrz,
496,Jock Landale,29,HOU,C,42,3,11.wrz,01.wrz,03.cze,0.533,0.3,0.6,0.423,01.lip,3.0,0.556,0.569,0.6,1.0,0.675,01.mar,01.wrz,03.mar,0.9,0.3,0.2,0.5,01.lut,04.sie,
497,Colin Castleton,24,3TM,C,26,4,16.cze,01.sie,03.sie,0.469,0.1,0.6,0.125,01.lip,03.lut,0.537,0.48,01.sty,01.maj,0.763,2.0,02.lip,04.lip,01.sty,0.3,0.4,0.9,2.0,04.lip,
498,Colin Castleton,24,MEM,C,10,0,04.cze,0.2,1.0,0.2,0.0,0.4,0.0,0.2,0.6,0.333,0.2,1.0,01.sty,0.909,0.3,0.6,0.9,0.0,0.1,0.1,0.1,0.6,01.kwi,
499,Colin Castleton,24,TOR,C,11,4,26.lut,02.wrz,05.sie,0.5,0.2,0.7,0.25,02.lip,05.sty,0.536,0.516,01.lut,01.cze,0.722,03.sty,03.sie,06.wrz,01.cze,0.5,0.7,01.wrz,02.wrz,07.lut,
500,Colin Castleton,24,PHI,C,5,0,19.cze,02.kwi,04.sie,0.5,0.0,0.8,0.0,02.kwi,4.0,0.6,0.5,01.lut,01.sie,0.667,03.lut,04.lut,07.kwi,2.0,0.2,0.2,0.2,02.cze,6.0,
